-- --------------------------------------------------------
-- Host:                         127.0.0.1
-- Versión del servidor:         8.0.30 - MySQL Community Server - GPL
-- SO del servidor:              Win64
-- HeidiSQL Versión:             12.1.0.6537
-- --------------------------------------------------------

/*!40101 SET @OLD_CHARACTER_SET_CLIENT=@@CHARACTER_SET_CLIENT */;
/*!40101 SET NAMES utf8 */;
/*!50503 SET NAMES utf8mb4 */;
/*!40103 SET @OLD_TIME_ZONE=@@TIME_ZONE */;
/*!40103 SET TIME_ZONE='+00:00' */;
/*!40014 SET @OLD_FOREIGN_KEY_CHECKS=@@FOREIGN_KEY_CHECKS, FOREIGN_KEY_CHECKS=0 */;
/*!40101 SET @OLD_SQL_MODE=@@SQL_MODE, SQL_MODE='NO_AUTO_VALUE_ON_ZERO' */;
/*!40111 SET @OLD_SQL_NOTES=@@SQL_NOTES, SQL_NOTES=0 */;


-- Volcando estructura de base de datos para comedor
CREATE DATABASE IF NOT EXISTS `comedor` /*!40100 DEFAULT CHARACTER SET utf8mb4 COLLATE utf8mb4_0900_ai_ci */ /*!80016 DEFAULT ENCRYPTION='N' */;
USE `comedor`;

-- Volcando estructura para tabla comedor.asistencias
CREATE TABLE IF NOT EXISTS `asistencias` (
  `id` bigint unsigned NOT NULL AUTO_INCREMENT,
  `estudiante_id` bigint unsigned NOT NULL,
  `fecha` date NOT NULL,
  `asiste` tinyint(1) NOT NULL DEFAULT '1',
  `es_dia_suelto` tinyint(1) NOT NULL DEFAULT '0',
  `created_at` timestamp NULL DEFAULT NULL,
  `updated_at` timestamp NULL DEFAULT NULL,
  PRIMARY KEY (`id`),
  KEY `asistencias_estudiante_id_foreign` (`estudiante_id`),
  CONSTRAINT `asistencias_estudiante_id_foreign` FOREIGN KEY (`estudiante_id`) REFERENCES `estudiantes` (`id`) ON DELETE CASCADE
) ENGINE=InnoDB AUTO_INCREMENT=506 DEFAULT CHARSET=utf8mb4 COLLATE=utf8mb4_unicode_ci;

-- Volcando datos para la tabla comedor.asistencias: ~203 rows (aproximadamente)
INSERT INTO `asistencias` (`id`, `estudiante_id`, `fecha`, `asiste`, `es_dia_suelto`, `created_at`, `updated_at`) VALUES
	(1, 2, '2024-11-25', 1, 0, NULL, NULL),
	(2, 3, '2024-11-25', 0, 0, NULL, '2024-11-25 07:23:31'),
	(3, 4, '2024-11-25', 1, 0, NULL, NULL),
	(4, 5, '2024-11-25', 1, 0, NULL, NULL),
	(5, 6, '2024-11-25', 1, 0, NULL, NULL),
	(6, 7, '2024-11-25', 0, 0, NULL, '2024-11-25 07:23:32'),
	(7, 8, '2024-11-25', 1, 0, NULL, NULL),
	(8, 9, '2024-11-25', 1, 0, NULL, NULL),
	(9, 10, '2024-11-25', 1, 0, NULL, NULL),
	(10, 11, '2024-11-25', 1, 0, NULL, NULL),
	(11, 218, '2024-11-25', 1, 0, NULL, NULL),
	(12, 220, '2024-11-25', 0, 0, NULL, '2024-11-25 07:23:34'),
	(13, 221, '2024-11-25', 1, 0, NULL, NULL),
	(14, 223, '2024-11-25', 1, 0, NULL, NULL),
	(15, 12, '2024-11-25', 1, 0, NULL, NULL),
	(16, 13, '2024-11-25', 0, 0, NULL, '2024-11-25 07:23:38'),
	(17, 14, '2024-11-25', 1, 0, NULL, NULL),
	(18, 15, '2024-11-25', 1, 0, NULL, NULL),
	(19, 16, '2024-11-25', 1, 0, NULL, NULL),
	(20, 18, '2024-11-25', 0, 0, NULL, '2024-11-25 07:23:40'),
	(21, 19, '2024-11-25', 1, 0, NULL, NULL),
	(22, 2, '2024-11-26', 0, 0, NULL, '2024-11-25 09:25:46'),
	(23, 3, '2024-11-26', 1, 0, NULL, NULL),
	(24, 4, '2024-11-26', 1, 0, NULL, NULL),
	(25, 5, '2024-11-26', 1, 0, NULL, NULL),
	(26, 6, '2024-11-26', 0, 0, NULL, '2024-11-25 09:25:49'),
	(27, 7, '2024-11-26', 1, 0, NULL, '2024-11-25 09:25:48'),
	(28, 8, '2024-11-26', 1, 0, NULL, NULL),
	(29, 9, '2024-11-26', 1, 0, NULL, NULL),
	(30, 10, '2024-11-26', 1, 0, NULL, NULL),
	(31, 11, '2024-11-26', 1, 0, NULL, NULL),
	(32, 218, '2024-11-26', 1, 0, NULL, NULL),
	(33, 220, '2024-11-26', 1, 0, NULL, NULL),
	(34, 221, '2024-11-26', 1, 0, NULL, NULL),
	(35, 223, '2024-11-26', 1, 0, NULL, NULL),
	(36, 12, '2024-11-26', 1, 0, NULL, NULL),
	(37, 13, '2024-11-26', 1, 0, NULL, NULL),
	(38, 14, '2024-11-26', 1, 0, NULL, NULL),
	(39, 15, '2024-11-26', 1, 0, NULL, NULL),
	(40, 16, '2024-11-26', 1, 0, NULL, NULL),
	(41, 18, '2024-11-26', 1, 0, NULL, NULL),
	(42, 19, '2024-11-26', 1, 0, NULL, NULL),
	(43, 12, '2024-11-22', 1, 0, NULL, NULL),
	(44, 13, '2024-11-22', 1, 0, NULL, NULL),
	(45, 14, '2024-11-22', 1, 0, NULL, NULL),
	(46, 15, '2024-11-22', 1, 0, NULL, NULL),
	(47, 16, '2024-11-22', 1, 0, NULL, NULL),
	(48, 18, '2024-11-22', 1, 0, NULL, NULL),
	(49, 19, '2024-11-22', 1, 0, NULL, NULL),
	(50, 12, '2024-11-21', 1, 0, NULL, NULL),
	(51, 13, '2024-11-21', 1, 0, NULL, NULL),
	(52, 14, '2024-11-21', 0, 0, NULL, '2024-11-25 09:38:16'),
	(53, 15, '2024-11-21', 0, 0, NULL, '2024-11-25 09:38:16'),
	(54, 16, '2024-11-21', 1, 0, NULL, NULL),
	(55, 18, '2024-11-21', 1, 0, NULL, NULL),
	(56, 19, '2024-11-21', 1, 0, NULL, NULL),
	(57, 12, '2024-11-20', 1, 0, NULL, NULL),
	(58, 13, '2024-11-20', 1, 0, NULL, NULL),
	(59, 14, '2024-11-20', 1, 0, NULL, NULL),
	(60, 15, '2024-11-20', 1, 0, NULL, NULL),
	(61, 16, '2024-11-20', 1, 0, NULL, NULL),
	(62, 18, '2024-11-20', 1, 0, NULL, NULL),
	(63, 19, '2024-11-20', 1, 0, NULL, NULL),
	(64, 12, '2024-11-19', 1, 0, NULL, NULL),
	(65, 13, '2024-11-19', 1, 0, NULL, NULL),
	(66, 14, '2024-11-19', 1, 0, NULL, NULL),
	(67, 15, '2024-11-19', 1, 0, NULL, NULL),
	(68, 16, '2024-11-19', 1, 0, NULL, NULL),
	(69, 18, '2024-11-19', 1, 0, NULL, NULL),
	(70, 19, '2024-11-19', 1, 0, NULL, NULL),
	(71, 2, '2024-11-27', 1, 0, NULL, NULL),
	(72, 3, '2024-11-27', 1, 0, NULL, NULL),
	(73, 4, '2024-11-27', 1, 0, NULL, NULL),
	(74, 5, '2024-11-27', 1, 0, NULL, NULL),
	(75, 6, '2024-11-27', 1, 0, NULL, NULL),
	(76, 7, '2024-11-27', 1, 0, NULL, NULL),
	(77, 8, '2024-11-27', 1, 0, NULL, NULL),
	(78, 9, '2024-11-27', 1, 0, NULL, NULL),
	(79, 10, '2024-11-27', 1, 0, NULL, NULL),
	(80, 11, '2024-11-27', 1, 0, NULL, NULL),
	(81, 218, '2024-11-27', 1, 0, NULL, NULL),
	(82, 220, '2024-11-27', 1, 0, NULL, NULL),
	(83, 221, '2024-11-27', 1, 0, NULL, NULL),
	(84, 223, '2024-11-27', 1, 0, NULL, NULL),
	(85, 2, '2024-11-28', 1, 0, NULL, NULL),
	(86, 3, '2024-11-28', 1, 0, NULL, NULL),
	(87, 4, '2024-11-28', 1, 0, NULL, NULL),
	(88, 5, '2024-11-28', 1, 0, NULL, NULL),
	(89, 6, '2024-11-28', 1, 0, NULL, NULL),
	(90, 7, '2024-11-28', 1, 0, NULL, NULL),
	(91, 8, '2024-11-28', 1, 0, NULL, NULL),
	(92, 9, '2024-11-28', 1, 0, NULL, NULL),
	(93, 10, '2024-11-28', 1, 0, NULL, NULL),
	(94, 11, '2024-11-28', 1, 0, NULL, NULL),
	(95, 218, '2024-11-28', 1, 0, NULL, NULL),
	(96, 220, '2024-11-28', 1, 0, NULL, NULL),
	(97, 221, '2024-11-28', 1, 0, NULL, NULL),
	(98, 223, '2024-11-28', 1, 0, NULL, NULL),
	(99, 2, '2024-11-29', 0, 0, NULL, '2024-11-25 09:45:48'),
	(100, 3, '2024-11-29', 0, 0, NULL, '2024-11-25 09:45:48'),
	(101, 4, '2024-11-29', 0, 0, NULL, '2024-11-25 09:45:49'),
	(102, 5, '2024-11-29', 0, 0, NULL, '2024-11-25 09:45:49'),
	(103, 6, '2024-11-29', 0, 0, NULL, '2024-11-25 09:45:50'),
	(104, 7, '2024-11-29', 0, 0, NULL, '2024-11-25 09:45:50'),
	(105, 8, '2024-11-29', 0, 0, NULL, '2024-11-25 09:45:51'),
	(106, 9, '2024-11-29', 0, 0, NULL, '2024-11-25 09:45:51'),
	(107, 10, '2024-11-29', 0, 0, NULL, '2024-11-25 09:45:52'),
	(108, 11, '2024-11-29', 0, 0, NULL, '2024-11-25 09:45:52'),
	(109, 218, '2024-11-29', 0, 0, NULL, '2024-11-25 09:45:54'),
	(110, 220, '2024-11-29', 0, 0, NULL, '2024-11-25 09:45:54'),
	(111, 221, '2024-11-29', 0, 0, NULL, '2024-11-25 09:45:54'),
	(112, 223, '2024-11-29', 0, 0, NULL, '2024-11-25 09:45:55'),
	(113, 2, '2024-12-02', 1, 0, NULL, NULL),
	(114, 3, '2024-12-02', 1, 0, NULL, NULL),
	(115, 4, '2024-12-02', 1, 0, NULL, NULL),
	(116, 5, '2024-12-02', 1, 0, NULL, NULL),
	(117, 6, '2024-12-02', 1, 0, NULL, NULL),
	(118, 7, '2024-12-02', 1, 0, NULL, NULL),
	(119, 8, '2024-12-02', 1, 0, NULL, NULL),
	(120, 9, '2024-12-02', 1, 0, NULL, NULL),
	(121, 10, '2024-12-02', 1, 0, NULL, NULL),
	(122, 11, '2024-12-02', 1, 0, NULL, NULL),
	(123, 218, '2024-12-02', 1, 0, NULL, NULL),
	(124, 220, '2024-12-02', 1, 0, NULL, NULL),
	(125, 221, '2024-12-02', 1, 0, NULL, NULL),
	(126, 223, '2024-12-02', 1, 0, NULL, NULL),
	(127, 2, '2024-12-03', 1, 0, NULL, NULL),
	(128, 3, '2024-12-03', 1, 0, NULL, NULL),
	(129, 4, '2024-12-03', 1, 0, NULL, NULL),
	(130, 5, '2024-12-03', 1, 0, NULL, NULL),
	(131, 6, '2024-12-03', 1, 0, NULL, NULL),
	(132, 7, '2024-12-03', 1, 0, NULL, NULL),
	(133, 8, '2024-12-03', 1, 0, NULL, NULL),
	(134, 9, '2024-12-03', 1, 0, NULL, NULL),
	(135, 10, '2024-12-03', 1, 0, NULL, NULL),
	(136, 11, '2024-12-03', 1, 0, NULL, NULL),
	(137, 218, '2024-12-03', 1, 0, NULL, NULL),
	(138, 220, '2024-12-03', 1, 0, NULL, NULL),
	(139, 221, '2024-12-03', 1, 0, NULL, NULL),
	(140, 223, '2024-12-03', 1, 0, NULL, NULL),
	(141, 2, '2024-12-04', 1, 0, NULL, NULL),
	(142, 3, '2024-12-04', 0, 0, NULL, '2024-11-25 07:24:04'),
	(143, 4, '2024-12-04', 1, 0, NULL, NULL),
	(144, 5, '2024-12-04', 0, 0, NULL, '2024-11-25 07:24:08'),
	(145, 6, '2024-12-04', 0, 0, NULL, '2024-11-25 07:24:10'),
	(146, 7, '2024-12-04', 1, 0, NULL, NULL),
	(147, 8, '2024-12-04', 1, 0, NULL, NULL),
	(148, 9, '2024-12-04', 1, 0, NULL, NULL),
	(149, 10, '2024-12-04', 0, 0, NULL, '2024-11-25 07:24:06'),
	(150, 11, '2024-12-04', 0, 0, NULL, '2024-11-25 07:24:07'),
	(151, 218, '2024-12-04', 1, 0, NULL, NULL),
	(152, 220, '2024-12-04', 1, 0, NULL, NULL),
	(153, 221, '2024-12-04', 1, 0, NULL, NULL),
	(154, 223, '2024-12-04', 1, 0, NULL, NULL),
	(155, 2, '2024-12-05', 1, 0, NULL, NULL),
	(156, 3, '2024-12-05', 1, 0, NULL, NULL),
	(157, 4, '2024-12-05', 1, 0, NULL, NULL),
	(158, 5, '2024-12-05', 1, 0, NULL, NULL),
	(159, 6, '2024-12-05', 1, 0, NULL, NULL),
	(160, 7, '2024-12-05', 1, 0, NULL, NULL),
	(161, 8, '2024-12-05', 1, 0, NULL, NULL),
	(162, 9, '2024-12-05', 1, 0, NULL, NULL),
	(163, 10, '2024-12-05', 1, 0, NULL, NULL),
	(164, 11, '2024-12-05', 1, 0, NULL, NULL),
	(165, 218, '2024-12-05', 1, 0, NULL, NULL),
	(166, 220, '2024-12-05', 1, 0, NULL, NULL),
	(167, 221, '2024-12-05', 1, 0, NULL, NULL),
	(168, 223, '2024-12-05', 1, 0, NULL, NULL),
	(169, 12, '2024-12-05', 1, 0, NULL, NULL),
	(170, 13, '2024-12-05', 0, 0, NULL, '2024-11-25 07:28:01'),
	(171, 14, '2024-12-05', 1, 0, NULL, NULL),
	(172, 15, '2024-12-05', 1, 0, NULL, NULL),
	(173, 16, '2024-12-05', 1, 0, NULL, NULL),
	(174, 18, '2024-12-05', 1, 0, NULL, NULL),
	(175, 19, '2024-12-05', 1, 0, NULL, NULL),
	(176, 2, '2024-10-30', 1, 0, NULL, NULL),
	(177, 3, '2024-10-30', 1, 0, NULL, NULL),
	(178, 4, '2024-10-30', 1, 0, NULL, NULL),
	(179, 5, '2024-10-30', 1, 0, NULL, NULL),
	(180, 6, '2024-10-30', 1, 0, NULL, NULL),
	(181, 7, '2024-10-30', 1, 0, NULL, NULL),
	(182, 8, '2024-10-30', 1, 0, NULL, NULL),
	(183, 9, '2024-10-30', 1, 0, NULL, NULL),
	(184, 10, '2024-10-30', 1, 0, NULL, NULL),
	(185, 11, '2024-10-30', 1, 0, NULL, NULL),
	(186, 218, '2024-10-30', 1, 0, NULL, NULL),
	(187, 220, '2024-10-30', 1, 0, NULL, NULL),
	(188, 221, '2024-10-30', 1, 0, NULL, NULL),
	(189, 223, '2024-10-30', 1, 0, NULL, NULL),
	(190, 2, '2024-10-01', 1, 0, NULL, NULL),
	(191, 3, '2024-10-01', 1, 0, NULL, NULL),
	(192, 4, '2024-10-01', 1, 0, NULL, NULL),
	(193, 5, '2024-10-01', 1, 0, NULL, NULL),
	(194, 6, '2024-10-01', 1, 0, NULL, NULL),
	(195, 7, '2024-10-01', 1, 0, NULL, NULL),
	(196, 8, '2024-10-01', 1, 0, NULL, NULL),
	(197, 9, '2024-10-01', 1, 0, NULL, NULL),
	(198, 10, '2024-10-01', 1, 0, NULL, NULL),
	(199, 11, '2024-10-01', 1, 0, NULL, NULL),
	(200, 218, '2024-10-01', 1, 0, NULL, NULL),
	(201, 220, '2024-10-01', 1, 0, NULL, NULL),
	(202, 221, '2024-10-01', 1, 0, NULL, NULL),
	(203, 223, '2024-10-01', 1, 0, NULL, NULL),
	(204, 2, '2024-11-14', 1, 0, NULL, NULL),
	(205, 3, '2024-11-14', 1, 0, NULL, NULL),
	(206, 4, '2024-11-14', 1, 0, NULL, NULL),
	(207, 5, '2024-11-14', 1, 0, NULL, NULL),
	(208, 6, '2024-11-14', 1, 0, NULL, NULL),
	(209, 7, '2024-11-14', 1, 0, NULL, NULL),
	(210, 8, '2024-11-14', 1, 0, NULL, NULL),
	(211, 9, '2024-11-14', 1, 0, NULL, NULL),
	(212, 10, '2024-11-14', 1, 0, NULL, NULL),
	(213, 11, '2024-11-14', 1, 0, NULL, NULL),
	(214, 218, '2024-11-14', 1, 0, NULL, NULL),
	(215, 220, '2024-11-14', 1, 0, NULL, NULL),
	(216, 221, '2024-11-14', 1, 0, NULL, NULL),
	(217, 223, '2024-11-14', 1, 0, NULL, NULL),
	(218, 2, '2024-11-22', 1, 0, NULL, NULL),
	(219, 3, '2024-11-22', 1, 0, NULL, NULL),
	(220, 4, '2024-11-22', 1, 0, NULL, NULL),
	(221, 5, '2024-11-22', 1, 0, NULL, NULL),
	(222, 6, '2024-11-22', 1, 0, NULL, NULL),
	(223, 7, '2024-11-22', 1, 0, NULL, NULL),
	(224, 8, '2024-11-22', 1, 0, NULL, NULL),
	(225, 9, '2024-11-22', 1, 0, NULL, NULL),
	(226, 10, '2024-11-22', 1, 0, NULL, NULL),
	(227, 11, '2024-11-22', 1, 0, NULL, NULL),
	(228, 218, '2024-11-22', 1, 0, NULL, NULL),
	(229, 220, '2024-11-22', 1, 0, NULL, NULL),
	(230, 221, '2024-11-22', 1, 0, NULL, NULL),
	(231, 223, '2024-11-22', 1, 0, NULL, NULL),
	(232, 2, '2024-11-21', 1, 0, NULL, NULL),
	(233, 3, '2024-11-21', 1, 0, NULL, NULL),
	(234, 4, '2024-11-21', 1, 0, NULL, NULL),
	(235, 5, '2024-11-21', 1, 0, NULL, NULL),
	(236, 6, '2024-11-21', 1, 0, NULL, NULL),
	(237, 7, '2024-11-21', 1, 0, NULL, NULL),
	(238, 8, '2024-11-21', 1, 0, NULL, NULL),
	(239, 9, '2024-11-21', 1, 0, NULL, NULL),
	(240, 10, '2024-11-21', 1, 0, NULL, NULL),
	(241, 11, '2024-11-21', 1, 0, NULL, NULL),
	(242, 218, '2024-11-21', 1, 0, NULL, NULL),
	(243, 220, '2024-11-21', 1, 0, NULL, NULL),
	(244, 221, '2024-11-21', 1, 0, NULL, NULL),
	(245, 223, '2024-11-21', 1, 0, NULL, NULL),
	(246, 2, '2024-11-30', 1, 0, NULL, NULL),
	(247, 3, '2024-11-30', 1, 0, NULL, NULL),
	(248, 4, '2024-11-30', 1, 0, NULL, NULL),
	(249, 5, '2024-11-30', 1, 0, NULL, NULL),
	(250, 6, '2024-11-30', 1, 0, NULL, NULL),
	(251, 7, '2024-11-30', 1, 0, NULL, NULL),
	(252, 8, '2024-11-30', 1, 0, NULL, NULL),
	(253, 9, '2024-11-30', 1, 0, NULL, NULL),
	(254, 10, '2024-11-30', 1, 0, NULL, NULL),
	(255, 11, '2024-11-30', 1, 0, NULL, NULL),
	(256, 218, '2024-11-30', 1, 0, NULL, NULL),
	(257, 220, '2024-11-30', 1, 0, NULL, NULL),
	(258, 221, '2024-11-30', 1, 0, NULL, NULL),
	(259, 223, '2024-11-30', 1, 0, NULL, NULL),
	(260, 2, '2025-01-15', 1, 0, NULL, NULL),
	(261, 3, '2025-01-15', 1, 0, NULL, NULL),
	(262, 4, '2025-01-15', 1, 0, NULL, NULL),
	(263, 5, '2025-01-15', 1, 0, NULL, NULL),
	(264, 6, '2025-01-15', 1, 0, NULL, NULL),
	(265, 7, '2025-01-15', 1, 0, NULL, NULL),
	(266, 8, '2025-01-15', 1, 0, NULL, NULL),
	(267, 9, '2025-01-15', 1, 0, NULL, NULL),
	(268, 10, '2025-01-15', 1, 0, NULL, NULL),
	(269, 11, '2025-01-15', 1, 0, NULL, NULL),
	(270, 218, '2025-01-15', 1, 0, NULL, NULL),
	(271, 220, '2025-01-15', 1, 0, NULL, NULL),
	(272, 221, '2025-01-15', 1, 0, NULL, NULL),
	(273, 223, '2025-01-15', 1, 0, NULL, NULL),
	(274, 2, '2025-02-27', 1, 0, NULL, NULL),
	(275, 3, '2025-02-27', 1, 0, NULL, NULL),
	(276, 4, '2025-02-27', 1, 0, NULL, NULL),
	(277, 5, '2025-02-27', 1, 0, NULL, NULL),
	(278, 6, '2025-02-27', 1, 0, NULL, NULL),
	(279, 7, '2025-02-27', 1, 0, NULL, NULL),
	(280, 8, '2025-02-27', 1, 0, NULL, NULL),
	(281, 9, '2025-02-27', 1, 0, NULL, NULL),
	(282, 10, '2025-02-27', 1, 0, NULL, NULL),
	(283, 11, '2025-02-27', 1, 0, NULL, NULL),
	(284, 218, '2025-02-27', 1, 0, NULL, NULL),
	(285, 220, '2025-02-27', 1, 0, NULL, NULL),
	(286, 221, '2025-02-27', 1, 0, NULL, NULL),
	(287, 223, '2025-02-27', 1, 0, NULL, NULL),
	(288, 2, '2025-01-13', 1, 0, NULL, NULL),
	(289, 3, '2025-01-13', 1, 0, NULL, NULL),
	(290, 4, '2025-01-13', 1, 0, NULL, NULL),
	(291, 5, '2025-01-13', 1, 0, NULL, NULL),
	(292, 6, '2025-01-13', 1, 0, NULL, NULL),
	(293, 7, '2025-01-13', 1, 0, NULL, NULL),
	(294, 8, '2025-01-13', 1, 0, NULL, NULL),
	(295, 9, '2025-01-13', 1, 0, NULL, NULL),
	(296, 10, '2025-01-13', 1, 0, NULL, NULL),
	(297, 11, '2025-01-13', 1, 0, NULL, NULL),
	(298, 218, '2025-01-13', 1, 0, NULL, NULL),
	(299, 220, '2025-01-13', 1, 0, NULL, NULL),
	(300, 221, '2025-01-13', 1, 0, NULL, NULL),
	(301, 223, '2025-01-13', 1, 0, NULL, NULL),
	(302, 2, '2025-02-07', 1, 0, NULL, NULL),
	(303, 3, '2025-02-07', 0, 0, NULL, '2024-11-25 09:35:22'),
	(304, 4, '2025-02-07', 1, 0, NULL, NULL),
	(305, 5, '2025-02-07', 0, 0, NULL, '2024-11-25 09:35:24'),
	(306, 6, '2025-02-07', 0, 0, NULL, '2024-11-25 09:35:22'),
	(307, 7, '2025-02-07', 1, 0, NULL, NULL),
	(308, 8, '2025-02-07', 0, 0, NULL, '2024-11-25 09:35:24'),
	(309, 9, '2025-02-07', 1, 0, NULL, NULL),
	(310, 10, '2025-02-07', 0, 0, NULL, '2024-11-25 09:35:25'),
	(311, 11, '2025-02-07', 1, 0, NULL, NULL),
	(312, 218, '2025-02-07', 1, 0, NULL, NULL),
	(313, 220, '2025-02-07', 1, 0, NULL, NULL),
	(314, 221, '2025-02-07', 1, 0, NULL, NULL),
	(315, 223, '2025-02-07', 1, 0, NULL, NULL),
	(316, 2, '2025-01-20', 1, 0, NULL, NULL),
	(317, 3, '2025-01-20', 0, 0, NULL, '2024-11-25 09:35:30'),
	(318, 4, '2025-01-20', 1, 0, NULL, NULL),
	(319, 5, '2025-01-20', 1, 0, NULL, NULL),
	(320, 6, '2025-01-20', 1, 0, NULL, NULL),
	(321, 7, '2025-01-20', 1, 0, NULL, NULL),
	(322, 8, '2025-01-20', 0, 0, NULL, '2024-11-25 09:35:31'),
	(323, 9, '2025-01-20', 1, 0, NULL, NULL),
	(324, 10, '2025-01-20', 1, 0, NULL, NULL),
	(325, 11, '2025-01-20', 1, 0, NULL, NULL),
	(326, 218, '2025-01-20', 0, 0, NULL, '2024-11-25 09:35:33'),
	(327, 220, '2025-01-20', 1, 0, NULL, NULL),
	(328, 221, '2025-01-20', 1, 0, NULL, NULL),
	(329, 223, '2025-01-20', 1, 0, NULL, NULL),
	(330, 2, '2024-10-08', 0, 0, NULL, '2024-11-25 09:36:28'),
	(331, 3, '2024-10-08', 0, 0, NULL, '2024-11-25 09:36:28'),
	(332, 4, '2024-10-08', 0, 0, NULL, '2024-11-25 09:36:29'),
	(333, 5, '2024-10-08', 0, 0, NULL, '2024-11-25 09:36:29'),
	(334, 6, '2024-10-08', 0, 0, NULL, '2024-11-25 09:36:30'),
	(335, 7, '2024-10-08', 0, 0, NULL, '2024-11-25 09:36:31'),
	(336, 8, '2024-10-08', 0, 0, NULL, '2024-11-25 09:36:32'),
	(337, 9, '2024-10-08', 1, 0, NULL, NULL),
	(338, 10, '2024-10-08', 1, 0, NULL, NULL),
	(339, 11, '2024-10-08', 1, 0, NULL, NULL),
	(340, 218, '2024-10-08', 1, 0, NULL, NULL),
	(341, 220, '2024-10-08', 1, 0, NULL, NULL),
	(342, 221, '2024-10-08', 1, 0, NULL, NULL),
	(343, 223, '2024-10-08', 1, 0, NULL, NULL),
	(344, 2, '2024-10-09', 1, 0, NULL, NULL),
	(345, 3, '2024-10-09', 1, 0, NULL, NULL),
	(346, 4, '2024-10-09', 0, 0, NULL, '2024-11-25 09:36:34'),
	(347, 5, '2024-10-09', 1, 0, NULL, NULL),
	(348, 6, '2024-10-09', 1, 0, NULL, NULL),
	(349, 7, '2024-10-09', 1, 0, NULL, NULL),
	(350, 8, '2024-10-09', 0, 0, NULL, '2024-11-25 09:36:35'),
	(351, 9, '2024-10-09', 1, 0, NULL, NULL),
	(352, 10, '2024-10-09', 1, 0, NULL, NULL),
	(353, 11, '2024-10-09', 1, 0, NULL, NULL),
	(354, 218, '2024-10-09', 1, 0, NULL, NULL),
	(355, 220, '2024-10-09', 1, 0, NULL, NULL),
	(356, 221, '2024-10-09', 1, 0, NULL, NULL),
	(357, 223, '2024-10-09', 1, 0, NULL, NULL),
	(358, 2, '2024-10-10', 0, 0, NULL, '2024-11-25 09:36:37'),
	(359, 3, '2024-10-10', 0, 0, NULL, '2024-11-25 09:36:38'),
	(360, 4, '2024-10-10', 1, 0, NULL, NULL),
	(361, 5, '2024-10-10', 0, 0, NULL, '2024-11-25 09:36:38'),
	(362, 6, '2024-10-10', 0, 0, NULL, '2024-11-25 09:36:39'),
	(363, 7, '2024-10-10', 1, 0, NULL, NULL),
	(364, 8, '2024-10-10', 1, 0, NULL, NULL),
	(365, 9, '2024-10-10', 0, 0, NULL, '2024-11-25 09:36:40'),
	(366, 10, '2024-10-10', 1, 0, NULL, NULL),
	(367, 11, '2024-10-10', 0, 0, NULL, '2024-11-25 09:36:41'),
	(368, 218, '2024-10-10', 1, 0, NULL, NULL),
	(369, 220, '2024-10-10', 1, 0, NULL, NULL),
	(370, 221, '2024-10-10', 1, 0, NULL, NULL),
	(371, 223, '2024-10-10', 1, 0, NULL, NULL),
	(372, 12, '2024-10-10', 1, 0, NULL, NULL),
	(373, 13, '2024-10-10', 1, 0, NULL, NULL),
	(374, 14, '2024-10-10', 1, 0, NULL, NULL),
	(375, 15, '2024-10-10', 1, 0, NULL, NULL),
	(376, 16, '2024-10-10', 1, 0, NULL, NULL),
	(377, 18, '2024-10-10', 1, 0, NULL, NULL),
	(378, 19, '2024-10-10', 1, 0, NULL, NULL),
	(379, 12, '2024-11-01', 1, 0, NULL, NULL),
	(380, 13, '2024-11-01', 1, 0, NULL, NULL),
	(381, 14, '2024-11-01', 1, 0, NULL, NULL),
	(382, 15, '2024-11-01', 1, 0, NULL, NULL),
	(383, 16, '2024-11-01', 1, 0, NULL, NULL),
	(384, 18, '2024-11-01', 1, 0, NULL, NULL),
	(385, 19, '2024-11-01', 1, 0, NULL, NULL),
	(386, 12, '2024-11-04', 1, 0, NULL, NULL),
	(387, 13, '2024-11-04', 1, 0, NULL, NULL),
	(388, 14, '2024-11-04', 1, 0, NULL, NULL),
	(389, 15, '2024-11-04', 1, 0, NULL, NULL),
	(390, 16, '2024-11-04', 1, 0, NULL, NULL),
	(391, 18, '2024-11-04', 1, 0, NULL, NULL),
	(392, 19, '2024-11-04', 1, 0, NULL, NULL),
	(393, 12, '2024-11-05', 1, 0, NULL, NULL),
	(394, 13, '2024-11-05', 1, 0, NULL, NULL),
	(395, 14, '2024-11-05', 1, 0, NULL, NULL),
	(396, 15, '2024-11-05', 1, 0, NULL, NULL),
	(397, 16, '2024-11-05', 1, 0, NULL, NULL),
	(398, 18, '2024-11-05', 1, 0, NULL, NULL),
	(399, 19, '2024-11-05', 1, 0, NULL, NULL),
	(400, 12, '2024-11-06', 1, 0, NULL, NULL),
	(401, 13, '2024-11-06', 1, 0, NULL, NULL),
	(402, 14, '2024-11-06', 1, 0, NULL, NULL),
	(403, 15, '2024-11-06', 1, 0, NULL, NULL),
	(404, 16, '2024-11-06', 1, 0, NULL, NULL),
	(405, 18, '2024-11-06', 1, 0, NULL, NULL),
	(406, 19, '2024-11-06', 1, 0, NULL, NULL),
	(407, 12, '2024-11-07', 1, 0, NULL, NULL),
	(408, 13, '2024-11-07', 0, 0, NULL, '2024-11-25 09:38:05'),
	(409, 14, '2024-11-07', 1, 0, NULL, NULL),
	(410, 15, '2024-11-07', 1, 0, NULL, NULL),
	(411, 16, '2024-11-07', 1, 0, NULL, NULL),
	(412, 18, '2024-11-07', 1, 0, NULL, NULL),
	(413, 19, '2024-11-07', 1, 0, NULL, NULL),
	(414, 12, '2024-11-08', 1, 0, NULL, NULL),
	(415, 13, '2024-11-08', 1, 0, NULL, NULL),
	(416, 14, '2024-11-08', 1, 0, NULL, NULL),
	(417, 15, '2024-11-08', 1, 0, NULL, NULL),
	(418, 16, '2024-11-08', 1, 0, NULL, NULL),
	(419, 18, '2024-11-08', 1, 0, NULL, NULL),
	(420, 19, '2024-11-08', 1, 0, NULL, NULL),
	(421, 12, '2024-11-11', 1, 0, NULL, NULL),
	(422, 13, '2024-11-11', 1, 0, NULL, NULL),
	(423, 14, '2024-11-11', 1, 0, NULL, NULL),
	(424, 15, '2024-11-11', 1, 0, NULL, NULL),
	(425, 16, '2024-11-11', 1, 0, NULL, NULL),
	(426, 18, '2024-11-11', 1, 0, NULL, NULL),
	(427, 19, '2024-11-11', 1, 0, NULL, NULL),
	(428, 12, '2024-11-12', 1, 0, NULL, NULL),
	(429, 13, '2024-11-12', 1, 0, NULL, NULL),
	(430, 14, '2024-11-12', 1, 0, NULL, NULL),
	(431, 15, '2024-11-12', 1, 0, NULL, NULL),
	(432, 16, '2024-11-12', 1, 0, NULL, NULL),
	(433, 18, '2024-11-12', 1, 0, NULL, NULL),
	(434, 19, '2024-11-12', 1, 0, NULL, NULL),
	(435, 12, '2024-11-13', 1, 0, NULL, NULL),
	(436, 13, '2024-11-13', 1, 0, NULL, NULL),
	(437, 14, '2024-11-13', 0, 0, NULL, '2024-11-25 09:38:08'),
	(438, 15, '2024-11-13', 0, 0, NULL, '2024-11-25 09:38:09'),
	(439, 16, '2024-11-13', 1, 0, NULL, NULL),
	(440, 18, '2024-11-13', 1, 0, NULL, NULL),
	(441, 19, '2024-11-13', 1, 0, NULL, NULL),
	(442, 12, '2024-11-14', 1, 0, NULL, NULL),
	(443, 13, '2024-11-14', 1, 0, NULL, NULL),
	(444, 14, '2024-11-14', 1, 0, NULL, NULL),
	(445, 15, '2024-11-14', 1, 0, NULL, NULL),
	(446, 16, '2024-11-14', 1, 0, NULL, NULL),
	(447, 18, '2024-11-14', 1, 0, NULL, NULL),
	(448, 19, '2024-11-14', 1, 0, NULL, NULL),
	(449, 12, '2024-11-15', 1, 0, NULL, NULL),
	(450, 13, '2024-11-15', 1, 0, NULL, NULL),
	(451, 14, '2024-11-15', 1, 0, NULL, NULL),
	(452, 15, '2024-11-15', 1, 0, NULL, NULL),
	(453, 16, '2024-11-15', 1, 0, NULL, NULL),
	(454, 18, '2024-11-15', 1, 0, NULL, NULL),
	(455, 19, '2024-11-15', 1, 0, NULL, NULL),
	(456, 12, '2024-11-18', 0, 0, NULL, '2024-11-25 09:38:12'),
	(457, 13, '2024-11-18', 1, 0, NULL, NULL),
	(458, 14, '2024-11-18', 1, 0, NULL, NULL),
	(459, 15, '2024-11-18', 1, 0, NULL, NULL),
	(460, 16, '2024-11-18', 1, 0, NULL, NULL),
	(461, 18, '2024-11-18', 1, 0, NULL, NULL),
	(462, 19, '2024-11-18', 0, 0, NULL, '2024-11-25 09:38:13'),
	(463, 12, '2024-11-27', 1, 0, NULL, NULL),
	(464, 13, '2024-11-27', 1, 0, NULL, NULL),
	(465, 14, '2024-11-27', 1, 0, NULL, NULL),
	(466, 15, '2024-11-27', 1, 0, NULL, NULL),
	(467, 16, '2024-11-27', 1, 0, NULL, NULL),
	(468, 18, '2024-11-27', 1, 0, NULL, NULL),
	(469, 19, '2024-11-27', 1, 0, NULL, NULL),
	(470, 12, '2024-11-28', 1, 0, NULL, NULL),
	(471, 13, '2024-11-28', 1, 0, NULL, NULL),
	(472, 14, '2024-11-28', 1, 0, NULL, NULL),
	(473, 15, '2024-11-28', 1, 0, NULL, NULL),
	(474, 16, '2024-11-28', 1, 0, NULL, NULL),
	(475, 18, '2024-11-28', 1, 0, NULL, NULL),
	(476, 19, '2024-11-28', 1, 0, NULL, NULL),
	(477, 12, '2024-11-29', 1, 0, NULL, NULL),
	(478, 13, '2024-11-29', 0, 0, NULL, '2024-11-25 09:44:54'),
	(479, 14, '2024-11-29', 0, 0, NULL, '2024-11-25 09:45:29'),
	(480, 15, '2024-11-29', 0, 0, NULL, '2024-11-25 09:45:30'),
	(481, 16, '2024-11-29', 0, 0, NULL, '2024-11-25 09:45:30'),
	(482, 18, '2024-11-29', 0, 0, NULL, '2024-11-25 09:45:31'),
	(483, 19, '2024-11-29', 0, 0, NULL, '2024-11-25 09:45:31'),
	(484, 12, '2024-12-02', 1, 0, NULL, NULL),
	(485, 13, '2024-12-02', 1, 0, NULL, NULL),
	(486, 14, '2024-12-02', 1, 0, NULL, NULL),
	(487, 15, '2024-12-02', 1, 0, NULL, NULL),
	(488, 16, '2024-12-02', 1, 0, NULL, NULL),
	(489, 18, '2024-12-02', 1, 0, NULL, NULL),
	(490, 19, '2024-12-02', 1, 0, NULL, NULL),
	(491, 2, '2024-11-13', 0, 0, NULL, '2024-11-25 09:39:08'),
	(492, 3, '2024-11-13', 0, 0, NULL, '2024-11-25 09:39:09'),
	(493, 4, '2024-11-13', 0, 0, NULL, '2024-11-25 09:39:09'),
	(494, 5, '2024-11-13', 0, 0, NULL, '2024-11-25 09:39:10'),
	(495, 6, '2024-11-13', 0, 0, NULL, '2024-11-25 09:39:10'),
	(496, 7, '2024-11-13', 0, 0, NULL, '2024-11-25 09:39:11'),
	(497, 8, '2024-11-13', 0, 0, NULL, '2024-11-25 09:39:11'),
	(498, 9, '2024-11-13', 0, 0, NULL, '2024-11-25 09:39:12'),
	(499, 10, '2024-11-13', 0, 0, NULL, '2024-11-25 09:39:12'),
	(500, 11, '2024-11-13', 0, 0, NULL, '2024-11-25 09:39:13'),
	(501, 218, '2024-11-13', 1, 0, NULL, NULL),
	(502, 220, '2024-11-13', 0, 0, NULL, '2024-11-25 09:39:15'),
	(503, 221, '2024-11-13', 1, 0, NULL, NULL),
	(504, 223, '2024-11-13', 1, 0, NULL, NULL),
	(505, 217, '2024-11-29', 1, 0, NULL, NULL);

-- Volcando estructura para tabla comedor.cache
CREATE TABLE IF NOT EXISTS `cache` (
  `key` varchar(255) COLLATE utf8mb4_unicode_ci NOT NULL,
  `value` mediumtext COLLATE utf8mb4_unicode_ci NOT NULL,
  `expiration` int NOT NULL,
  PRIMARY KEY (`key`)
) ENGINE=InnoDB DEFAULT CHARSET=utf8mb4 COLLATE=utf8mb4_unicode_ci;

-- Volcando datos para la tabla comedor.cache: ~2 rows (aproximadamente)
INSERT INTO `cache` (`key`, `value`, `expiration`) VALUES
	('24c653125e1877a358a1d7d0a622b247', 'i:1;', 1732530234),
	('24c653125e1877a358a1d7d0a622b247:timer', 'i:1732530234;', 1732530234),
	('2900629af9e96612c73b8cc518a4a170', 'i:1;', 1732528222),
	('2900629af9e96612c73b8cc518a4a170:timer', 'i:1732528222;', 1732528222);

-- Volcando estructura para tabla comedor.cache_locks
CREATE TABLE IF NOT EXISTS `cache_locks` (
  `key` varchar(255) COLLATE utf8mb4_unicode_ci NOT NULL,
  `owner` varchar(255) COLLATE utf8mb4_unicode_ci NOT NULL,
  `expiration` int NOT NULL,
  PRIMARY KEY (`key`)
) ENGINE=InnoDB DEFAULT CHARSET=utf8mb4 COLLATE=utf8mb4_unicode_ci;

-- Volcando datos para la tabla comedor.cache_locks: ~0 rows (aproximadamente)

-- Volcando estructura para tabla comedor.clases
CREATE TABLE IF NOT EXISTS `clases` (
  `id` bigint unsigned NOT NULL AUTO_INCREMENT,
  `nombre` varchar(255) COLLATE utf8mb4_unicode_ci NOT NULL DEFAULT 'Noname',
  `curso_academico` varchar(255) COLLATE utf8mb4_unicode_ci NOT NULL DEFAULT '2024-2025',
  `created_at` timestamp NULL DEFAULT NULL,
  `updated_at` timestamp NULL DEFAULT NULL,
  PRIMARY KEY (`id`)
) ENGINE=InnoDB AUTO_INCREMENT=24 DEFAULT CHARSET=utf8mb4 COLLATE=utf8mb4_unicode_ci;

-- Volcando datos para la tabla comedor.clases: ~20 rows (aproximadamente)
INSERT INTO `clases` (`id`, `nombre`, `curso_academico`, `created_at`, `updated_at`) VALUES
	(1, 'I1A', '2023-2025', NULL, '2024-11-20 04:27:51'),
	(2, 'I1B', '2023-2024', NULL, NULL),
	(3, 'I2A', '2023-2024', NULL, NULL),
	(4, 'I2B', '2023-2024', NULL, NULL),
	(5, 'I3A', '2023-2024', NULL, NULL),
	(6, 'I3B', '2023-2024', NULL, NULL),
	(7, 'P1A', '2023-2024', NULL, NULL),
	(8, 'P1B', '2023-2024', NULL, NULL),
	(9, 'P2A', '2023-2024', NULL, NULL),
	(10, 'P2B', '2023-2024', NULL, NULL),
	(11, 'P3A', '2023-2024', NULL, NULL),
	(12, 'P3B', '2023-2024', NULL, NULL),
	(13, 'P4A', '2023-2024', NULL, NULL),
	(14, 'P4B', '2023-2024', NULL, NULL),
	(15, 'P5A', '2023-2024', NULL, NULL),
	(16, 'P5B', '2023-2024', NULL, NULL),
	(17, 'P6A', '2023-2024', NULL, NULL),
	(18, 'P6B', '2023-2024', NULL, NULL),
	(21, 'Somontano social', '2025/2026', '2024-11-14 09:48:57', '2024-11-14 09:48:57'),
	(23, 'Somontano', '2024/2025', '2024-11-20 06:35:31', '2024-11-20 06:35:31');

-- Volcando estructura para tabla comedor.estudiantes
CREATE TABLE IF NOT EXISTS `estudiantes` (
  `id` bigint unsigned NOT NULL AUTO_INCREMENT,
  `nombre` varchar(255) COLLATE utf8mb4_unicode_ci NOT NULL,
  `apellidos` varchar(255) COLLATE utf8mb4_unicode_ci NOT NULL,
  `clase_id` bigint unsigned NOT NULL,
  `pago` tinyint(1) DEFAULT NULL,
  `intolerancia_religion` varchar(255) COLLATE utf8mb4_unicode_ci DEFAULT NULL,
  `beca` tinyint(1) DEFAULT NULL,
  `asignado_comedor` tinyint(1) DEFAULT NULL,
  `created_at` timestamp NULL DEFAULT NULL,
  `updated_at` timestamp NULL DEFAULT NULL,
  `asignado_at` timestamp NULL DEFAULT NULL,
  PRIMARY KEY (`id`),
  KEY `estudiantes_clase_id_foreign` (`clase_id`),
  CONSTRAINT `estudiantes_clase_id_foreign` FOREIGN KEY (`clase_id`) REFERENCES `clases` (`id`) ON DELETE CASCADE
) ENGINE=InnoDB AUTO_INCREMENT=228 DEFAULT CHARSET=utf8mb4 COLLATE=utf8mb4_unicode_ci;

-- Volcando datos para la tabla comedor.estudiantes: ~219 rows (aproximadamente)
INSERT INTO `estudiantes` (`id`, `nombre`, `apellidos`, `clase_id`, `pago`, `intolerancia_religion`, `beca`, `asignado_comedor`, `created_at`, `updated_at`, `asignado_at`) VALUES
	(2, 'Yireh', 'Clavería Giménez', 1, 0, '0', 0, 1, '2024-07-01 10:27:42', '2024-11-25 09:25:33', '2024-11-25 09:25:33'),
	(3, 'Adrián', 'Español Laporta', 1, 0, '0', 0, 1, '2024-10-19 10:27:42', NULL, '2024-11-19 07:02:10'),
	(4, 'Darío', 'Garuz Castán', 1, 0, '0', 0, 1, '2024-10-01 10:27:42', NULL, '2024-11-19 10:20:57'),
	(5, 'Daniela Mª', 'Jiménez Bermúdez', 1, 0, '0', 0, 1, '2024-10-01 10:27:42', NULL, '2024-11-19 10:20:58'),
	(6, 'Bosco José', 'Ortíz Juste', 1, 0, '0', 0, 1, '2024-11-18 12:27:42', NULL, '2024-11-19 10:20:59'),
	(7, 'Lara', 'Pérez Campaña', 1, 0, '0', 0, 1, '2024-11-18 12:27:42', NULL, '2024-11-19 10:20:59'),
	(8, 'Daniel', 'Salamero Arkhipenko', 1, 0, '0', 0, 1, '2024-11-18 12:27:42', NULL, '2024-11-19 10:21:00'),
	(9, 'Candela', 'Semitiel Román', 1, 0, '0', 0, 1, '2024-11-18 12:27:42', NULL, '2024-11-19 10:21:00'),
	(10, 'Lucía Pineta', 'Solana Ponte', 1, 0, '0', 0, 1, '2024-11-18 12:27:42', NULL, '2024-11-19 10:21:01'),
	(11, 'Vega', 'Subías Martín', 1, 0, '0', 0, 1, '2024-11-18 12:27:42', NULL, '2024-11-19 10:21:02'),
	(12, 'Lucas', 'Baelo Ordás', 2, 0, '0', 0, 1, '2024-11-18 12:27:42', NULL, '2024-11-21 11:04:35'),
	(13, 'Marta', 'Baelo Ordás', 2, 0, '0', 0, 1, '2024-11-18 12:27:42', NULL, '2024-11-18 08:22:32'),
	(14, 'Oona', 'Deltell Tierz', 2, 0, '0', 0, 1, '2024-11-19 12:27:37', NULL, '2024-11-21 11:04:36'),
	(15, 'Lena', 'Lanau Carpi', 2, 0, '0', 0, 1, '2024-10-19 10:27:24', NULL, '2024-11-19 06:45:30'),
	(16, 'Marcos', 'Lorente Sampietro', 2, 0, '0', 0, 1, '2024-11-18 12:27:42', NULL, '2024-11-21 11:04:37'),
	(17, 'Elia', 'Román Paúl', 2, 0, '0', 0, NULL, '2024-11-18 12:27:42', NULL, NULL),
	(18, 'Miguel', 'Simón Jiménez', 2, 0, '0', 0, 1, '2024-11-18 12:27:42', NULL, '2024-11-21 11:04:37'),
	(19, 'Anne Celia', 'Yamapi Nguemetcha', 2, 0, '0', 0, 1, '2024-11-18 12:27:42', NULL, '2024-11-21 11:04:39'),
	(21, 'Iván', 'Ballabriga Ramírez', 3, 0, '0', 0, NULL, '2024-11-18 12:27:42', NULL, NULL),
	(22, 'Elsa', 'Barcos Lasaosa', 3, 0, '0', 0, NULL, '2024-11-18 12:27:42', NULL, NULL),
	(23, 'Marta', 'Carruesco Noguero', 3, 0, '0', 0, NULL, '2024-11-18 12:27:42', NULL, NULL),
	(24, 'Laura', 'Clemente Castán', 3, 0, '0', 0, NULL, '2024-11-18 12:27:42', NULL, NULL),
	(25, 'Mario', 'López Llera', 3, 0, '0', 0, NULL, '2024-11-18 12:27:42', NULL, NULL),
	(26, 'Nerea', 'Migales Herrero', 3, 0, '0', 0, NULL, '2024-09-10 10:30:53', NULL, NULL),
	(27, 'Memphis Lorient', 'Salinas Beruete', 3, 0, '0', 0, NULL, '2024-09-10 10:30:53', NULL, NULL),
	(28, 'Jimena', 'Albar Duran', 4, 0, '0', 0, NULL, '2024-09-10 10:30:53', NULL, NULL),
	(29, 'Arantza Victoria', 'Cabrales Cañas', 4, 0, '0', 0, NULL, '2024-09-10 10:30:53', NULL, NULL),
	(30, 'Isaac', 'Díaz Sanchez', 4, 0, '0', 0, NULL, '2024-09-10 10:30:53', NULL, NULL),
	(31, 'Eneko', 'Garcés Gutiérrez', 4, 0, '0', 0, NULL, '2024-09-10 10:30:53', NULL, NULL),
	(32, 'Lucas', 'López Mayoral', 4, 0, '0', 0, NULL, '2024-09-10 10:30:53', NULL, NULL),
	(33, 'Catalina', 'Marco Durán', 4, 0, '0', 0, NULL, '2024-09-10 10:30:53', NULL, NULL),
	(34, 'Ibón', 'Naval Morillo', 4, 0, '0', 0, NULL, '2024-09-10 10:30:53', NULL, NULL),
	(35, 'Aitor Mattin', 'Trtan Beruete', 4, 0, '0', 0, NULL, '2024-09-10 10:30:53', NULL, NULL),
	(36, 'Mateo', 'Velecela Meneses', 4, 0, '0', 0, NULL, '2024-09-10 10:30:53', NULL, NULL),
	(37, 'Edric Alexandre', 'Cáceres Baldés', 5, 0, '0', 0, 1, '2024-09-10 10:30:53', '2024-11-25 09:47:40', '2024-11-25 09:47:40'),
	(38, 'Cristina', 'Cavero Torres', 5, 0, '0', 0, 1, '2024-09-10 10:30:53', '2024-11-25 09:47:40', '2024-11-25 09:47:40'),
	(39, 'Pablo', 'Cons Giménez', 5, 0, '0', 0, 1, '2024-09-10 10:30:53', '2024-11-25 09:47:41', '2024-11-25 09:47:41'),
	(40, 'Greta', 'Fernández Millaruelo', 5, 0, '0', 0, 1, '2024-11-21 12:27:04', '2024-11-25 09:47:41', '2024-11-25 09:47:41'),
	(41, 'Marcos', 'Galicia Tornil', 5, 0, '0', 0, 1, '2024-11-21 12:27:03', '2024-11-25 09:47:42', '2024-11-25 09:47:42'),
	(42, 'Elian José', 'García Crucey', 5, 0, '0', 0, 1, '2024-11-21 12:27:02', '2024-11-25 09:47:43', '2024-11-25 09:47:43'),
	(43, 'Carla', 'Gea Cano', 5, 0, '0', 0, 1, '2024-11-21 12:27:02', '2024-11-25 09:47:43', '2024-11-25 09:47:43'),
	(44, 'María', 'Gherghilescu Negru', 5, 0, '0', 0, 1, '2024-11-21 12:27:01', '2024-11-25 09:47:44', '2024-11-25 09:47:44'),
	(45, 'Ian', 'Natera Rojas', 5, 0, '0', 0, 1, '2024-11-21 12:27:01', '2024-11-25 09:47:44', '2024-11-25 09:47:44'),
	(46, 'Sara Nicole', 'Neagoe', 5, 0, '0', 0, 1, '2024-11-21 12:27:00', '2024-11-25 09:47:45', '2024-11-25 09:47:45'),
	(47, 'Marco', 'Olivera Coscujela', 5, 0, '0', 0, 1, '2024-11-21 12:27:00', '2024-11-25 09:47:45', '2024-11-25 09:47:45'),
	(48, 'Ignacio', 'Palacín Lalueza', 5, 0, '0', 0, 1, '2024-11-21 12:26:59', '2024-11-25 09:47:45', '2024-11-25 09:47:45'),
	(49, 'Carmen', 'Raso Burrel', 5, 0, '0', 0, 1, '2024-11-21 12:26:59', '2024-11-25 09:47:50', '2024-11-25 09:47:50'),
	(50, 'Ibeck', 'Reina Nuñez', 5, 0, '0', 0, 1, '2024-11-21 12:26:58', '2024-11-25 09:47:49', '2024-11-25 09:47:49'),
	(51, 'Asier', 'Sancho Royo', 5, 0, '0', 0, 1, '2024-11-21 12:26:57', '2024-11-25 09:47:48', '2024-11-25 09:47:48'),
	(52, 'Cosme', 'Semitiel Román', 5, 0, '0', 0, 1, '2024-11-21 12:26:57', '2024-11-25 09:47:48', '2024-11-25 09:47:48'),
	(53, 'Sofía', 'Simón Jiménez', 5, 0, '0', 0, 1, '2024-11-21 12:26:56', '2024-11-25 09:47:49', '2024-11-25 09:47:49'),
	(54, 'Iker', 'Asen Hadzhiev', 6, 0, '0', 0, NULL, '2024-11-21 12:26:55', NULL, NULL),
	(55, 'Carolina', 'Cambra Boned', 6, 0, '0', 0, NULL, '2024-11-21 12:26:55', NULL, NULL),
	(56, 'Isaac', 'Castrillon Osorio', 6, 0, '0', 0, NULL, '2024-11-21 12:26:54', NULL, NULL),
	(57, 'Daniela Meredith', 'Domínguez Díaz', 6, 0, '0', 0, NULL, '2024-11-21 12:26:54', NULL, NULL),
	(58, 'Ares', 'Labazuy Corral', 6, 0, '0', 0, NULL, '2024-11-21 12:26:53', NULL, NULL),
	(59, 'Héctor', 'Latre Martí', 6, 0, '0', 0, NULL, '2024-11-21 12:26:53', NULL, NULL),
	(60, 'Lena', 'Lopez lalueza', 6, 0, '0', 0, NULL, '2024-11-21 12:26:52', NULL, NULL),
	(61, 'Diana', 'Martynova', 6, 0, '0', 0, NULL, '2024-11-21 12:26:52', NULL, NULL),
	(62, 'Hugo', 'Mata Sánchez', 6, 0, '0', 0, NULL, '2024-11-21 12:26:51', NULL, NULL),
	(63, 'Alicia', 'Moya Barbero', 6, 0, '0', 0, NULL, '2024-11-21 12:26:51', NULL, NULL),
	(64, 'Liam Esaut', 'Ricalday Barón', 6, 0, '0', 0, NULL, '2024-11-21 12:26:50', NULL, NULL),
	(65, 'Martina', 'Sin Gustrán', 6, 0, '0', 0, NULL, '2024-11-21 12:26:50', NULL, NULL),
	(66, 'Álvaro', 'Ximenis Puyal', 6, 0, '0', 0, NULL, '2024-11-21 12:26:49', NULL, NULL),
	(67, 'Claudia', 'Añaños Royo', 8, 0, '0', 0, NULL, '2024-11-21 12:26:49', NULL, NULL),
	(68, 'Axel', 'Bareche Ros', 8, 0, '0', 0, NULL, '2024-11-21 12:26:48', NULL, NULL),
	(69, 'Kathiana Valeska', 'Fuentes Campos', 8, 0, '0', 0, NULL, '2024-11-21 12:26:48', NULL, NULL),
	(70, 'Iker Dashiell', 'García Valladares', 8, 0, '0', 0, NULL, '2024-11-21 12:26:47', NULL, NULL),
	(71, 'Hiba', 'Haida Basim', 8, 0, '0', 0, NULL, '2024-11-21 12:26:47', NULL, NULL),
	(72, 'Hugo', 'Mairal Sarrate', 8, 0, '0', 0, NULL, '2024-11-21 12:26:46', NULL, NULL),
	(73, 'Abril', 'Naya González', 8, 0, '0', 0, NULL, '2024-11-21 12:26:45', NULL, NULL),
	(74, 'Mila', 'Perella Perna', 8, 0, '0', 0, NULL, '2024-11-21 12:26:45', NULL, NULL),
	(75, 'Sara', 'Postigo Puértolas', 8, 0, '0', 0, NULL, '2024-11-21 12:26:44', NULL, NULL),
	(76, 'Lara', 'Reyes Viñuales', 8, 0, '0', 0, NULL, '2024-11-21 12:26:44', NULL, NULL),
	(77, 'Pablo', 'Sampietro Labat', 8, 0, '0', 0, NULL, '2024-11-21 12:26:43', NULL, NULL),
	(78, 'Julieta', 'Amat Casellas', 9, 0, '0', 0, 1, '2024-11-21 12:26:43', NULL, '2024-11-18 08:19:51'),
	(79, 'Diego', 'Baelo Ordás', 9, 0, '0', 0, NULL, '2024-11-21 12:26:42', NULL, NULL),
	(80, 'Alma', 'Bardaji Peñalver', 9, 0, '0', 0, NULL, '2024-11-21 12:26:42', NULL, NULL),
	(81, 'Oliver', 'Cambra Boned', 9, 0, '0', 0, NULL, '2024-11-21 12:26:41', NULL, NULL),
	(82, 'Ernesto', 'Cáncer Díaz', 9, 0, '0', 0, NULL, '2024-11-21 12:26:41', NULL, NULL),
	(83, 'Lara', 'Del Río Bielsa', 9, 0, '0', 0, 1, '2024-11-21 12:26:40', NULL, '2024-11-18 08:19:52'),
	(84, 'Carla', 'Español Laporta', 9, 0, '0', 0, NULL, '2024-11-21 12:26:40', NULL, NULL),
	(85, 'Rubén', 'Latre Martí', 9, 0, '0', 0, NULL, '2024-11-21 12:26:39', NULL, NULL),
	(86, 'Thiago', 'López Abadías', 9, 0, '0', 0, NULL, '2024-11-21 12:26:39', NULL, NULL),
	(87, 'Lara', 'López Mayoral', 9, 0, '0', 0, 1, '2024-11-21 12:26:38', NULL, '2024-11-18 08:19:53'),
	(88, 'Jimena Pilar', 'Ortiz Juste', 9, 0, '0', 0, NULL, '2024-11-21 12:26:38', NULL, NULL),
	(89, 'Sophy Nicole', 'Pineda Mendoza', 9, 0, '0', 0, NULL, '2024-11-21 12:26:37', NULL, NULL),
	(90, 'Alba', 'Rafel Cosculluela', 9, 0, '0', 0, NULL, '2024-11-21 12:26:37', NULL, NULL),
	(91, 'Isabella V.', 'Ruíz Sarango', 9, 0, '0', 0, 1, '2024-11-21 12:26:36', NULL, '2024-11-18 08:19:55'),
	(92, 'Joaquín', 'Buera Bolsa', 10, 0, '0', 0, NULL, '2024-11-21 12:26:36', NULL, NULL),
	(93, 'Emma', 'Canseco Cereza', 10, 0, '0', 0, NULL, '2024-11-21 12:26:35', NULL, NULL),
	(94, 'José Rubén', 'Castro Pérez', 10, 0, '0', 0, NULL, '2024-11-21 12:26:35', NULL, NULL),
	(95, 'Iziar', 'Gea Barrabés', 10, 0, '0', 0, NULL, '2024-11-21 12:26:34', NULL, NULL),
	(96, 'Rubén', 'Gerhold Miranda', 10, 0, '0', 0, NULL, '2024-11-21 12:26:34', NULL, NULL),
	(97, 'Carolina', 'Gili Aventín', 10, 0, '0', 0, NULL, '2024-11-21 12:26:33', NULL, NULL),
	(98, 'Jesús', 'Giménez Clavería', 10, 0, '0', 0, NULL, '2024-11-21 12:26:33', NULL, NULL),
	(99, 'Camila Nazaret', 'Gomez Dominguez', 10, 0, '0', 0, NULL, '2024-11-21 12:26:32', NULL, NULL),
	(100, 'Hugo', 'Migales Herrero', 10, 0, '0', 0, NULL, '2024-11-21 12:26:32', NULL, NULL),
	(101, 'Martina', 'Nadal Cáncer', 10, 0, '0', 0, NULL, '2024-11-21 12:26:31', NULL, NULL),
	(102, 'María Pilar', 'Paco Toaza', 10, 0, '0', 0, NULL, '2024-11-21 12:26:30', NULL, NULL),
	(103, 'Pablo', 'Plana Giral', 10, 0, '0', 0, NULL, '2024-11-21 12:26:29', NULL, NULL),
	(104, 'Elías', 'Plaza Latre', 10, 0, '0', 0, NULL, '2024-11-21 12:26:28', NULL, NULL),
	(105, 'Mario', 'Puyal Valdovinos', 10, 0, '0', 0, NULL, '2024-11-21 12:26:27', NULL, NULL),
	(106, 'Mohamed Amin', 'Saadouni Mezroui', 10, 0, '0', 0, NULL, '2024-11-21 12:26:28', NULL, NULL),
	(107, 'Javier', 'Tolosa García', 10, 0, '0', 0, NULL, '2024-11-21 12:26:27', NULL, NULL),
	(108, 'Ritaj', 'Amram', 11, 0, '0', 0, NULL, '2024-11-21 12:26:27', NULL, NULL),
	(109, 'Martín', 'Barcos Lasaosa', 11, 0, '0', 0, NULL, '2024-11-22 12:26:13', NULL, '2024-11-21 12:26:16'),
	(110, 'Marta', 'Blázquez Barbastro', 11, 0, '0', 0, NULL, '2024-11-21 12:26:12', NULL, NULL),
	(111, 'Iván', 'Cavero Torres', 11, 0, '0', 0, NULL, '2024-11-20 12:26:22', NULL, NULL),
	(112, 'Martín', 'Coscojuela Viader', 11, 0, '0', 0, NULL, '2024-11-21 12:26:24', NULL, NULL),
	(113, 'Ousmane', 'Coulibaly Taseva', 11, 0, '0', 0, NULL, '2024-11-21 12:26:25', NULL, NULL),
	(114, 'Pablo', 'Fernández Ruíz', 11, 0, '0', 0, NULL, '2024-11-21 12:26:11', NULL, NULL),
	(115, 'Iván', 'Giménez Clavería', 11, 0, '0', 0, NULL, '2024-08-20 10:34:08', NULL, NULL),
	(116, 'Cilia', 'Latre Terés', 11, 0, '0', 0, NULL, '2024-11-21 12:26:10', NULL, NULL),
	(117, 'Celia', 'Maull Zamora', 11, 0, '0', 0, NULL, '2024-08-20 10:34:08', NULL, NULL),
	(118, 'Lucas', 'Ors Roca', 11, 0, '0', 0, NULL, '2024-11-21 12:26:10', NULL, NULL),
	(119, 'Martha', 'Plana Giral', 11, 0, '0', 0, NULL, '2024-08-20 10:34:08', NULL, NULL),
	(120, 'Marcos', 'Postigo Puértolas', 11, 0, '0', 0, NULL, '2024-08-20 10:34:08', NULL, NULL),
	(121, 'Alma', 'Puertolas Pelaez', 11, 0, '0', 0, NULL, '2024-11-21 12:26:09', NULL, NULL),
	(122, 'Paula', 'Román García', 11, 0, '0', 0, NULL, '2024-08-20 10:34:08', NULL, NULL),
	(123, 'Abdoulaye Jeanpierre', 'Samake', 11, 0, '0', 0, NULL, '2024-08-20 10:34:08', NULL, NULL),
	(124, 'Gonzalo', 'Sánchez Trell', 11, 0, '0', 0, NULL, '2024-11-21 12:26:09', NULL, NULL),
	(125, 'Lucía', 'Tortajada Subías', 11, 0, '0', 0, NULL, '2024-08-20 10:34:08', NULL, NULL),
	(126, 'Joaquín', 'Albar Duran', 12, 0, '0', 0, NULL, '2024-08-20 10:34:08', NULL, NULL),
	(127, 'Christian David', 'Cañas Hilario', 12, 0, '0', 0, NULL, '2024-08-20 10:34:08', NULL, NULL),
	(128, 'Dylan Alejandro', 'Catota Aimacaña', 12, 0, '0', 0, NULL, '2024-08-20 10:34:08', NULL, NULL),
	(129, 'Lorién', 'Dolz Loncán', 12, 0, '0', 0, NULL, '2024-08-20 10:34:08', NULL, NULL),
	(130, 'Alejandro', 'Galicia Tornil', 12, 0, '0', 0, NULL, '2024-08-20 10:34:08', NULL, NULL),
	(131, 'Emma', 'Garcés Gutiérrez', 12, 0, '0', 0, NULL, '2024-08-20 10:34:08', NULL, NULL),
	(132, 'Jonás', 'Martinez Anzano', 12, 0, '0', 0, NULL, '2024-11-21 12:26:27', NULL, NULL),
	(133, 'Juan Carlos', 'Montaner Bardaji', 12, 0, '0', 0, NULL, '2024-11-21 12:26:27', NULL, NULL),
	(134, 'Violeta', 'Montferrer Lisa', 12, 0, '0', 0, NULL, '2024-11-21 12:26:27', NULL, NULL),
	(135, 'Nadia', 'Oprea Lueza', 12, 0, '0', 0, NULL, '2024-08-20 10:34:08', NULL, NULL),
	(136, 'Ara Pilar', 'Ortiz Juste', 12, 0, '0', 0, NULL, '2024-11-21 12:26:27', NULL, NULL),
	(137, 'Enzo', 'Perella Perna', 12, 0, '0', 0, NULL, '2024-08-20 10:34:08', NULL, NULL),
	(138, 'Nel', 'Sorga Vallina', 12, 0, '0', 0, NULL, '2024-08-20 10:34:08', NULL, NULL),
	(139, 'Laura', 'Urgell Visús', 12, 0, '0', 0, NULL, '2024-08-20 10:34:08', NULL, NULL),
	(140, 'Adrián', 'Cons Giménez', 13, 0, '0', 0, NULL, '2024-11-21 12:26:27', NULL, NULL),
	(141, 'Jeshua', 'Duarte Ruíz', 13, 0, '0', 0, NULL, '2024-11-21 12:26:27', NULL, NULL),
	(142, 'María', 'Fernández Durán', 13, 0, '0', 0, NULL, '2024-08-20 10:34:08', NULL, NULL),
	(143, 'Fernando', 'Giménez Rodrigues', 13, 0, '0', 0, NULL, '2024-11-21 12:26:27', NULL, NULL),
	(144, 'Mireia', 'López Martínez', 13, 0, '0', 0, NULL, '2024-08-20 10:34:08', NULL, NULL),
	(145, 'Harley Alexander', 'Moreno Velázquez', 13, 0, '0', 0, NULL, '2024-11-21 12:14:00', NULL, NULL),
	(146, 'Adrián', 'Parras Palacios', 13, 0, '0', 0, NULL, '2024-08-20 10:34:08', NULL, NULL),
	(147, 'Nayma Abigail', 'Vargas Rosales', 13, 0, '0', 0, NULL, '2024-08-20 10:34:08', NULL, NULL),
	(148, 'Iván', 'Abizanda Crespo', 14, 0, '0', 0, NULL, '2024-11-20 11:34:08', NULL, NULL),
	(149, 'Adrián', 'Bareche Ros', 14, 0, '0', 0, NULL, '2024-11-20 11:34:08', NULL, NULL),
	(150, 'Dylan Andrés', 'Carmona García', 14, 0, '0', 0, NULL, '2024-11-21 12:13:59', NULL, NULL),
	(151, 'Ana', 'España Gimenez', 14, 0, '0', 0, NULL, '2024-11-21 12:14:02', NULL, NULL),
	(152, 'Martina', 'Fernández Español', 14, 0, '0', 0, NULL, '2024-11-21 12:13:58', NULL, NULL),
	(153, 'Coral', 'Jiménez Guillén', 14, 0, '0', 0, NULL, '2024-11-21 12:13:58', NULL, NULL),
	(154, 'Pedro', 'Manzanera Cavero', 14, 0, '0', 0, NULL, '2024-11-21 12:13:57', NULL, NULL),
	(155, 'Gonzalo', 'Marco Durán', 14, 0, '0', 0, NULL, '2024-11-21 12:13:57', NULL, NULL),
	(156, 'Alodia', 'Martínez Castillo', 14, 0, '0', 0, NULL, '2024-11-21 12:13:57', NULL, NULL),
	(157, 'Brisa Sinay', 'Mora Aburto', 14, 0, '0', 0, NULL, '2024-11-21 12:14:02', NULL, NULL),
	(158, 'Claudia', 'Olivera Coscujuela', 14, 0, '0', 0, NULL, '2024-08-20 10:34:08', NULL, NULL),
	(159, 'Sabina', 'Palacín Lalueza', 14, 0, '0', 0, NULL, '2024-11-21 12:14:03', NULL, NULL),
	(160, 'Levon Andoni', 'Trtan Beruete', 14, 0, '0', 0, NULL, '2024-08-20 10:34:08', NULL, NULL),
	(161, 'Seraj', 'Amran', 15, 0, '0', 0, NULL, '2024-08-20 10:34:08', NULL, NULL),
	(162, 'Isaac Alexander', 'Bonilla Raura', 15, 0, '0', 0, NULL, '2024-08-20 10:34:08', NULL, NULL),
	(163, 'Hugo', 'Canseco Cereza', 15, 0, '0', 0, NULL, '2024-08-20 10:34:08', NULL, NULL),
	(164, 'Alejandro', 'Cordero Estop', 15, 0, '0', 0, NULL, '2024-11-21 12:14:03', NULL, NULL),
	(165, 'Melissa Mirtha', 'Coro Velásquez', 15, 0, '0', 0, NULL, '2024-08-20 10:34:08', NULL, NULL),
	(166, 'Sara', 'Frontons Alonso', 15, 0, '0', 0, NULL, '2024-08-20 10:34:08', NULL, NULL),
	(167, 'Felipe', 'Giménez Giménez', 15, 0, '0', 0, NULL, '2024-11-21 12:14:03', NULL, NULL),
	(168, 'Diego', 'Jiménez Púa', 15, 0, '0', 0, NULL, '2024-08-20 10:34:08', NULL, NULL),
	(169, 'Lucía', 'Mora Arcas', 15, 0, '0', 0, NULL, '2024-08-20 10:34:08', NULL, NULL),
	(170, 'Yesika Sofía', 'Muñoz Rivera', 15, 0, '0', 0, NULL, '2024-11-21 12:14:04', NULL, NULL),
	(171, 'Diego', 'Plaza Latre', 15, 0, '0', 0, NULL, '2024-08-20 10:34:08', NULL, NULL),
	(172, 'Álvaro', 'Puig Gil', 15, 0, '0', 0, NULL, '2024-11-21 12:14:04', NULL, NULL),
	(173, 'Manuel', 'Rodríguez Díaz', 15, 0, '0', 0, NULL, '2024-11-21 12:14:08', NULL, NULL),
	(174, 'Irene', 'Salinas Pinilla', 15, 0, '0', 0, NULL, '2024-11-21 12:14:06', NULL, NULL),
	(175, 'Clara', 'Villalba Santolaria', 15, 0, '0', 0, NULL, '2024-11-21 12:14:07', NULL, NULL),
	(176, 'Martina', 'Alonso Pinies', 16, 0, '0', 0, NULL, '2024-11-21 12:14:06', NULL, NULL),
	(177, 'Lara', 'Barranco Cañellas', 16, 0, '0', 0, NULL, '2024-11-21 12:14:05', NULL, NULL),
	(178, 'David', 'Cuello Campo', 16, 0, '0', 0, NULL, '2024-11-21 12:14:09', NULL, NULL),
	(179, 'Noa', 'Del Río Bielsa', 16, 0, '0', 0, NULL, '2024-08-20 10:34:08', NULL, NULL),
	(180, 'Francisco', 'Fernández Ruíz', 16, 0, '0', 0, NULL, '2024-11-21 12:14:10', NULL, NULL),
	(181, 'Aarón', 'Giménez Giménez', 16, 0, '0', 0, 1, '2024-11-21 12:14:12', NULL, '2024-11-18 08:27:35'),
	(182, 'Daniel', 'Jiménez Guillén', 16, 0, '0', 0, NULL, '2024-08-20 10:34:08', NULL, NULL),
	(183, 'José Ángel', 'Jordán Torres', 16, 0, '0', 0, NULL, '2024-11-21 12:14:11', NULL, NULL),
	(184, 'Carla', 'Lacoma Abadías', 16, 0, '0', 0, NULL, '2024-11-21 12:14:11', NULL, NULL),
	(185, 'Andrea', 'León Sánchez', 16, 0, '0', 0, NULL, '2024-11-21 12:14:12', NULL, NULL),
	(186, 'Paula', 'Mao', 16, 0, '0', 0, NULL, '2024-11-21 12:14:13', NULL, NULL),
	(187, 'Julia', 'Pelayo Torrabadella', 16, 0, '0', 0, 1, '2024-08-20 10:34:08', NULL, '2024-11-18 08:27:38'),
	(188, 'Jorge', 'Puig Gil', 16, 0, '0', 0, NULL, '2024-08-20 10:34:08', NULL, NULL),
	(189, 'Ariadna', 'Puyal Valdovinos', 16, 0, '0', 0, NULL, '2024-11-21 12:12:59', NULL, NULL),
	(190, 'Mario', 'Reyes Viñuales', 16, 0, '0', 0, NULL, '2024-08-20 10:34:08', NULL, NULL),
	(191, 'Julia', 'Urgel Visús', 16, 0, '0', 0, NULL, '2024-08-20 10:34:08', NULL, NULL),
	(192, 'Inés', 'Beroy Arnal', 17, 0, '0', 0, NULL, '2024-08-20 10:34:08', NULL, NULL),
	(193, 'Paula', 'Bravo Cabrero', 17, 0, '0', 0, NULL, '2024-11-21 12:12:59', NULL, NULL),
	(194, 'Ángel David', 'Cruz Cañón', 17, 0, '0', 0, NULL, '2024-08-20 10:34:08', NULL, NULL),
	(195, 'Yasmine', 'El Harrak', 17, 0, '0', 0, NULL, '2024-08-20 10:34:08', NULL, NULL),
	(196, 'Desiré', 'Giménez Giménez', 17, 0, '0', 0, NULL, '2024-11-21 12:13:01', NULL, NULL),
	(197, 'Séfora Araceli', 'Giménez Giménez', 17, 0, '0', 0, NULL, '2024-11-21 12:13:02', NULL, NULL),
	(198, 'María del Mar', 'Giménez Lasaosa', 17, 0, '0', 0, NULL, '2024-11-21 12:13:03', NULL, NULL),
	(199, 'Loreto', 'Marco Durán', 17, 0, '0', 0, NULL, '2024-08-20 10:34:08', NULL, NULL),
	(200, 'Eva', 'Millán Lamarca', 17, 0, '0', 0, NULL, '2024-11-21 12:13:00', NULL, NULL),
	(201, 'José', 'Montferrer Lisa', 17, 0, '0', 0, NULL, '2024-08-20 10:34:08', NULL, NULL),
	(202, 'Inés', 'Sahun Ruiz', 17, 0, '0', 0, NULL, '2024-08-20 10:34:08', NULL, NULL),
	(203, 'Yanira', 'Arnillas Robledo', 18, 0, '0', 0, NULL, '2024-11-21 12:13:01', NULL, NULL),
	(204, 'Marta', 'Bravo Cabrero', 18, 0, '0', 0, NULL, '2024-08-20 10:34:08', NULL, NULL),
	(205, 'Valentina', 'Cáncer Díaz', 18, 0, '0', 0, NULL, '2024-08-20 10:34:08', NULL, NULL),
	(206, 'Aidan', 'Clemente Tapia', 18, 0, '0', 0, NULL, '2024-08-20 10:34:08', NULL, NULL),
	(207, 'Julia', 'Izquierdo Abadía', 18, 0, '0', 0, NULL, '2024-08-20 10:34:08', NULL, NULL),
	(208, 'Martina', 'Lacoma Giménez', 18, 0, '0', 0, NULL, '2024-08-20 10:34:08', NULL, NULL),
	(209, 'Isabel', 'Martín Ferreira', 18, 0, '0', 0, NULL, '2024-08-20 10:34:08', NULL, NULL),
	(210, 'Alejandro', 'Palacio Salinas', 18, 0, '0', 0, NULL, '2024-08-20 10:34:08', NULL, NULL),
	(211, 'Samantha Nicole', 'Polo García', 18, 0, '0', 0, NULL, '2024-08-20 10:34:08', NULL, NULL),
	(212, 'Santiago', 'Valencia Nuñez', 18, 0, '0', 0, NULL, '2024-08-20 10:34:08', NULL, NULL),
	(213, 'Sergio', 'Vera Lisa', 18, 0, '0', 0, NULL, '2024-08-20 10:34:08', NULL, NULL),
	(217, 'Adiseo V2.0', 'Sanchez', 21, 0, 'I/R', 0, 1, '2024-11-18 04:03:54', NULL, '2024-11-19 08:55:59'),
	(218, 'Angel', 'Salamero Betancurt', 1, 0, NULL, 0, 1, '2024-11-18 04:48:12', NULL, '2024-11-19 10:21:03'),
	(220, 'Joselito', 'Andreu', 1, 0, NULL, 0, 1, '2024-11-18 06:37:53', NULL, '2024-11-19 10:21:03'),
	(221, 'Joselito', 'Perales', 1, 0, NULL, 0, 1, '2024-11-18 08:23:41', NULL, '2024-11-19 10:21:04'),
	(222, 'Juan', 'González Benitez', 21, NULL, NULL, 0, 0, '2024-11-19 06:58:08', NULL, '2024-11-19 07:24:06'),
	(223, 'Jose María', 'Huerva Sanchez', 1, NULL, NULL, 0, 1, '2024-11-19 10:08:43', NULL, '2024-11-20 05:16:46'),
	(226, 'Joselito', 'Salamero Betancurt', 23, NULL, NULL, 0, 1, '2024-11-20 06:36:01', '2024-11-21 11:41:42', '2024-11-21 11:41:42'),
	(227, 'Josep', 'Pedrerol', 1, NULL, NULL, 0, NULL, '2024-11-21 11:13:40', NULL, '2024-11-21 11:13:40');

-- Volcando estructura para tabla comedor.failed_jobs
CREATE TABLE IF NOT EXISTS `failed_jobs` (
  `id` bigint unsigned NOT NULL AUTO_INCREMENT,
  `uuid` varchar(255) COLLATE utf8mb4_unicode_ci NOT NULL,
  `connection` text COLLATE utf8mb4_unicode_ci NOT NULL,
  `queue` text COLLATE utf8mb4_unicode_ci NOT NULL,
  `payload` longtext COLLATE utf8mb4_unicode_ci NOT NULL,
  `exception` longtext COLLATE utf8mb4_unicode_ci NOT NULL,
  `failed_at` timestamp NOT NULL DEFAULT CURRENT_TIMESTAMP,
  PRIMARY KEY (`id`),
  UNIQUE KEY `failed_jobs_uuid_unique` (`uuid`)
) ENGINE=InnoDB DEFAULT CHARSET=utf8mb4 COLLATE=utf8mb4_unicode_ci;

-- Volcando datos para la tabla comedor.failed_jobs: ~0 rows (aproximadamente)

-- Volcando estructura para tabla comedor.informes_mensuales
CREATE TABLE IF NOT EXISTS `informes_mensuales` (
  `id` bigint unsigned NOT NULL AUTO_INCREMENT,
  `mes` int NOT NULL,
  `anio` int NOT NULL,
  `total_menus` int NOT NULL,
  `total_estudiantes` int NOT NULL,
  `fecha_generacion` timestamp NOT NULL DEFAULT CURRENT_TIMESTAMP,
  `created_at` timestamp NULL DEFAULT NULL,
  `updated_at` timestamp NULL DEFAULT NULL,
  PRIMARY KEY (`id`)
) ENGINE=InnoDB DEFAULT CHARSET=utf8mb4 COLLATE=utf8mb4_unicode_ci;

-- Volcando datos para la tabla comedor.informes_mensuales: ~0 rows (aproximadamente)

-- Volcando estructura para tabla comedor.jobs
CREATE TABLE IF NOT EXISTS `jobs` (
  `id` bigint unsigned NOT NULL AUTO_INCREMENT,
  `queue` varchar(255) COLLATE utf8mb4_unicode_ci NOT NULL,
  `payload` longtext COLLATE utf8mb4_unicode_ci NOT NULL,
  `attempts` tinyint unsigned NOT NULL,
  `reserved_at` int unsigned DEFAULT NULL,
  `available_at` int unsigned NOT NULL,
  `created_at` int unsigned NOT NULL,
  PRIMARY KEY (`id`),
  KEY `jobs_queue_index` (`queue`)
) ENGINE=InnoDB DEFAULT CHARSET=utf8mb4 COLLATE=utf8mb4_unicode_ci;

-- Volcando datos para la tabla comedor.jobs: ~0 rows (aproximadamente)

-- Volcando estructura para tabla comedor.job_batches
CREATE TABLE IF NOT EXISTS `job_batches` (
  `id` varchar(255) COLLATE utf8mb4_unicode_ci NOT NULL,
  `name` varchar(255) COLLATE utf8mb4_unicode_ci NOT NULL,
  `total_jobs` int NOT NULL,
  `pending_jobs` int NOT NULL,
  `failed_jobs` int NOT NULL,
  `failed_job_ids` longtext COLLATE utf8mb4_unicode_ci NOT NULL,
  `options` mediumtext COLLATE utf8mb4_unicode_ci,
  `cancelled_at` int DEFAULT NULL,
  `created_at` int NOT NULL,
  `finished_at` int DEFAULT NULL,
  PRIMARY KEY (`id`)
) ENGINE=InnoDB DEFAULT CHARSET=utf8mb4 COLLATE=utf8mb4_unicode_ci;

-- Volcando datos para la tabla comedor.job_batches: ~0 rows (aproximadamente)

-- Volcando estructura para tabla comedor.menus
CREATE TABLE IF NOT EXISTS `menus` (
  `id` bigint unsigned NOT NULL AUTO_INCREMENT,
  `fecha` date NOT NULL,
  `descripcion` varchar(255) COLLATE utf8mb4_unicode_ci DEFAULT NULL,
  `created_at` timestamp NULL DEFAULT NULL,
  `updated_at` timestamp NULL DEFAULT NULL,
  PRIMARY KEY (`id`)
) ENGINE=InnoDB DEFAULT CHARSET=utf8mb4 COLLATE=utf8mb4_unicode_ci;

-- Volcando datos para la tabla comedor.menus: ~0 rows (aproximadamente)

-- Volcando estructura para tabla comedor.menu_servicios
CREATE TABLE IF NOT EXISTS `menu_servicios` (
  `id` bigint unsigned NOT NULL AUTO_INCREMENT,
  `asistencia_id` bigint unsigned NOT NULL,
  `menu_id` bigint unsigned NOT NULL,
  `created_at` timestamp NULL DEFAULT NULL,
  `updated_at` timestamp NULL DEFAULT NULL,
  PRIMARY KEY (`id`),
  KEY `menu_servicios_asistencia_id_foreign` (`asistencia_id`),
  KEY `menu_servicios_menu_id_foreign` (`menu_id`),
  CONSTRAINT `menu_servicios_asistencia_id_foreign` FOREIGN KEY (`asistencia_id`) REFERENCES `asistencias` (`id`) ON DELETE CASCADE,
  CONSTRAINT `menu_servicios_menu_id_foreign` FOREIGN KEY (`menu_id`) REFERENCES `menus` (`id`) ON DELETE CASCADE
) ENGINE=InnoDB DEFAULT CHARSET=utf8mb4 COLLATE=utf8mb4_unicode_ci;

-- Volcando datos para la tabla comedor.menu_servicios: ~0 rows (aproximadamente)

-- Volcando estructura para tabla comedor.migrations
CREATE TABLE IF NOT EXISTS `migrations` (
  `id` int unsigned NOT NULL AUTO_INCREMENT,
  `migration` varchar(255) COLLATE utf8mb4_unicode_ci NOT NULL,
  `batch` int NOT NULL,
  PRIMARY KEY (`id`)
) ENGINE=InnoDB AUTO_INCREMENT=41 DEFAULT CHARSET=utf8mb4 COLLATE=utf8mb4_unicode_ci;

-- Volcando datos para la tabla comedor.migrations: ~20 rows (aproximadamente)
INSERT INTO `migrations` (`id`, `migration`, `batch`) VALUES
	(21, '0001_01_01_000000_create_users_table', 1),
	(22, '0001_01_01_000001_create_cache_table', 1),
	(23, '0001_01_01_000002_create_jobs_table', 1),
	(24, '2024_11_11_085347_create_oauth_auth_codes_table', 1),
	(25, '2024_11_11_085348_create_oauth_access_tokens_table', 1),
	(26, '2024_11_11_085349_create_oauth_refresh_tokens_table', 1),
	(27, '2024_11_11_085350_create_oauth_clients_table', 1),
	(28, '2024_11_11_085351_create_oauth_personal_access_clients_table', 1),
	(29, '2024_11_11_090726_add_two_factor_columns_to_users_table', 1),
	(30, '2024_11_11_090753_create_personal_access_tokens_table', 1),
	(31, '2024_11_11_110306_create_posts_table', 1),
	(32, '2024_11_14_092642_create_clases_table', 1),
	(33, '2024_11_14_092643_create_estudiantes_table', 1),
	(34, '2024_11_14_092644_create_asistencias_table', 1),
	(35, '2024_11_14_092645_create_informes_mensuales_table', 1),
	(36, '2024_11_14_095350_create_menus_table', 1),
	(37, '2024_11_14_095356_create_menu_servicios_table', 1),
	(38, '2024_11_20_130358_create_permission_tables', 1),
	(39, '2024_11_20_133322_add_two_factor_columns_to_users_table', 1),
	(40, '2024_11_21_133938_add_asignado_at_to_estudiantes_table', 1);

-- Volcando estructura para tabla comedor.model_has_permissions
CREATE TABLE IF NOT EXISTS `model_has_permissions` (
  `permission_id` bigint unsigned NOT NULL,
  `model_type` varchar(255) COLLATE utf8mb4_unicode_ci NOT NULL,
  `model_id` bigint unsigned NOT NULL,
  PRIMARY KEY (`permission_id`,`model_id`,`model_type`),
  KEY `model_has_permissions_model_id_model_type_index` (`model_id`,`model_type`),
  CONSTRAINT `model_has_permissions_permission_id_foreign` FOREIGN KEY (`permission_id`) REFERENCES `permissions` (`id`) ON DELETE CASCADE
) ENGINE=InnoDB DEFAULT CHARSET=utf8mb4 COLLATE=utf8mb4_unicode_ci;

-- Volcando datos para la tabla comedor.model_has_permissions: ~0 rows (aproximadamente)

-- Volcando estructura para tabla comedor.model_has_roles
CREATE TABLE IF NOT EXISTS `model_has_roles` (
  `role_id` bigint unsigned NOT NULL,
  `model_type` varchar(255) COLLATE utf8mb4_unicode_ci NOT NULL,
  `model_id` bigint unsigned NOT NULL,
  PRIMARY KEY (`role_id`,`model_id`,`model_type`),
  KEY `model_has_roles_model_id_model_type_index` (`model_id`,`model_type`),
  CONSTRAINT `model_has_roles_role_id_foreign` FOREIGN KEY (`role_id`) REFERENCES `roles` (`id`) ON DELETE CASCADE
) ENGINE=InnoDB DEFAULT CHARSET=utf8mb4 COLLATE=utf8mb4_unicode_ci;

-- Volcando datos para la tabla comedor.model_has_roles: ~0 rows (aproximadamente)

-- Volcando estructura para tabla comedor.oauth_access_tokens
CREATE TABLE IF NOT EXISTS `oauth_access_tokens` (
  `id` varchar(100) COLLATE utf8mb4_unicode_ci NOT NULL,
  `user_id` bigint unsigned DEFAULT NULL,
  `client_id` bigint unsigned NOT NULL,
  `name` varchar(255) COLLATE utf8mb4_unicode_ci DEFAULT NULL,
  `scopes` text COLLATE utf8mb4_unicode_ci,
  `revoked` tinyint(1) NOT NULL,
  `created_at` timestamp NULL DEFAULT NULL,
  `updated_at` timestamp NULL DEFAULT NULL,
  `expires_at` datetime DEFAULT NULL,
  PRIMARY KEY (`id`),
  KEY `oauth_access_tokens_user_id_index` (`user_id`)
) ENGINE=InnoDB DEFAULT CHARSET=utf8mb4 COLLATE=utf8mb4_unicode_ci;

-- Volcando datos para la tabla comedor.oauth_access_tokens: ~0 rows (aproximadamente)

-- Volcando estructura para tabla comedor.oauth_auth_codes
CREATE TABLE IF NOT EXISTS `oauth_auth_codes` (
  `id` varchar(100) COLLATE utf8mb4_unicode_ci NOT NULL,
  `user_id` bigint unsigned NOT NULL,
  `client_id` bigint unsigned NOT NULL,
  `scopes` text COLLATE utf8mb4_unicode_ci,
  `revoked` tinyint(1) NOT NULL,
  `expires_at` datetime DEFAULT NULL,
  PRIMARY KEY (`id`),
  KEY `oauth_auth_codes_user_id_index` (`user_id`)
) ENGINE=InnoDB DEFAULT CHARSET=utf8mb4 COLLATE=utf8mb4_unicode_ci;

-- Volcando datos para la tabla comedor.oauth_auth_codes: ~0 rows (aproximadamente)

-- Volcando estructura para tabla comedor.oauth_clients
CREATE TABLE IF NOT EXISTS `oauth_clients` (
  `id` bigint unsigned NOT NULL AUTO_INCREMENT,
  `user_id` bigint unsigned DEFAULT NULL,
  `name` varchar(255) COLLATE utf8mb4_unicode_ci NOT NULL,
  `secret` varchar(100) COLLATE utf8mb4_unicode_ci DEFAULT NULL,
  `provider` varchar(255) COLLATE utf8mb4_unicode_ci DEFAULT NULL,
  `redirect` text COLLATE utf8mb4_unicode_ci NOT NULL,
  `personal_access_client` tinyint(1) NOT NULL,
  `password_client` tinyint(1) NOT NULL,
  `revoked` tinyint(1) NOT NULL,
  `created_at` timestamp NULL DEFAULT NULL,
  `updated_at` timestamp NULL DEFAULT NULL,
  PRIMARY KEY (`id`),
  KEY `oauth_clients_user_id_index` (`user_id`)
) ENGINE=InnoDB DEFAULT CHARSET=utf8mb4 COLLATE=utf8mb4_unicode_ci;

-- Volcando datos para la tabla comedor.oauth_clients: ~0 rows (aproximadamente)

-- Volcando estructura para tabla comedor.oauth_personal_access_clients
CREATE TABLE IF NOT EXISTS `oauth_personal_access_clients` (
  `id` bigint unsigned NOT NULL AUTO_INCREMENT,
  `client_id` bigint unsigned NOT NULL,
  `created_at` timestamp NULL DEFAULT NULL,
  `updated_at` timestamp NULL DEFAULT NULL,
  PRIMARY KEY (`id`)
) ENGINE=InnoDB DEFAULT CHARSET=utf8mb4 COLLATE=utf8mb4_unicode_ci;

-- Volcando datos para la tabla comedor.oauth_personal_access_clients: ~0 rows (aproximadamente)

-- Volcando estructura para tabla comedor.oauth_refresh_tokens
CREATE TABLE IF NOT EXISTS `oauth_refresh_tokens` (
  `id` varchar(100) COLLATE utf8mb4_unicode_ci NOT NULL,
  `access_token_id` varchar(100) COLLATE utf8mb4_unicode_ci NOT NULL,
  `revoked` tinyint(1) NOT NULL,
  `expires_at` datetime DEFAULT NULL,
  PRIMARY KEY (`id`),
  KEY `oauth_refresh_tokens_access_token_id_index` (`access_token_id`)
) ENGINE=InnoDB DEFAULT CHARSET=utf8mb4 COLLATE=utf8mb4_unicode_ci;

-- Volcando datos para la tabla comedor.oauth_refresh_tokens: ~0 rows (aproximadamente)

-- Volcando estructura para tabla comedor.password_reset_tokens
CREATE TABLE IF NOT EXISTS `password_reset_tokens` (
  `email` varchar(255) COLLATE utf8mb4_unicode_ci NOT NULL,
  `token` varchar(255) COLLATE utf8mb4_unicode_ci NOT NULL,
  `created_at` timestamp NULL DEFAULT NULL,
  PRIMARY KEY (`email`)
) ENGINE=InnoDB DEFAULT CHARSET=utf8mb4 COLLATE=utf8mb4_unicode_ci;

-- Volcando datos para la tabla comedor.password_reset_tokens: ~0 rows (aproximadamente)

-- Volcando estructura para tabla comedor.permissions
CREATE TABLE IF NOT EXISTS `permissions` (
  `id` bigint unsigned NOT NULL AUTO_INCREMENT,
  `name` varchar(255) COLLATE utf8mb4_unicode_ci NOT NULL,
  `guard_name` varchar(255) COLLATE utf8mb4_unicode_ci NOT NULL,
  `created_at` timestamp NULL DEFAULT NULL,
  `updated_at` timestamp NULL DEFAULT NULL,
  PRIMARY KEY (`id`),
  UNIQUE KEY `permissions_name_guard_name_unique` (`name`,`guard_name`)
) ENGINE=InnoDB DEFAULT CHARSET=utf8mb4 COLLATE=utf8mb4_unicode_ci;

-- Volcando datos para la tabla comedor.permissions: ~0 rows (aproximadamente)

-- Volcando estructura para tabla comedor.personal_access_tokens
CREATE TABLE IF NOT EXISTS `personal_access_tokens` (
  `id` bigint unsigned NOT NULL AUTO_INCREMENT,
  `tokenable_type` varchar(255) COLLATE utf8mb4_unicode_ci NOT NULL,
  `tokenable_id` bigint unsigned NOT NULL,
  `name` varchar(255) COLLATE utf8mb4_unicode_ci NOT NULL,
  `token` varchar(64) COLLATE utf8mb4_unicode_ci NOT NULL,
  `abilities` text COLLATE utf8mb4_unicode_ci,
  `last_used_at` timestamp NULL DEFAULT NULL,
  `expires_at` timestamp NULL DEFAULT NULL,
  `created_at` timestamp NULL DEFAULT NULL,
  `updated_at` timestamp NULL DEFAULT NULL,
  PRIMARY KEY (`id`),
  UNIQUE KEY `personal_access_tokens_token_unique` (`token`),
  KEY `personal_access_tokens_tokenable_type_tokenable_id_index` (`tokenable_type`,`tokenable_id`)
) ENGINE=InnoDB DEFAULT CHARSET=utf8mb4 COLLATE=utf8mb4_unicode_ci;

-- Volcando datos para la tabla comedor.personal_access_tokens: ~0 rows (aproximadamente)

-- Volcando estructura para tabla comedor.posts
CREATE TABLE IF NOT EXISTS `posts` (
  `id` bigint unsigned NOT NULL AUTO_INCREMENT,
  `title` varchar(255) COLLATE utf8mb4_unicode_ci NOT NULL,
  `body` text COLLATE utf8mb4_unicode_ci NOT NULL,
  `created_at` timestamp NULL DEFAULT NULL,
  `updated_at` timestamp NULL DEFAULT NULL,
  PRIMARY KEY (`id`)
) ENGINE=InnoDB DEFAULT CHARSET=utf8mb4 COLLATE=utf8mb4_unicode_ci;

-- Volcando datos para la tabla comedor.posts: ~0 rows (aproximadamente)

-- Volcando estructura para tabla comedor.roles
CREATE TABLE IF NOT EXISTS `roles` (
  `id` bigint unsigned NOT NULL AUTO_INCREMENT,
  `name` varchar(255) COLLATE utf8mb4_unicode_ci NOT NULL,
  `guard_name` varchar(255) COLLATE utf8mb4_unicode_ci NOT NULL,
  `created_at` timestamp NULL DEFAULT NULL,
  `updated_at` timestamp NULL DEFAULT NULL,
  PRIMARY KEY (`id`),
  UNIQUE KEY `roles_name_guard_name_unique` (`name`,`guard_name`)
) ENGINE=InnoDB DEFAULT CHARSET=utf8mb4 COLLATE=utf8mb4_unicode_ci;

-- Volcando datos para la tabla comedor.roles: ~0 rows (aproximadamente)

-- Volcando estructura para tabla comedor.role_has_permissions
CREATE TABLE IF NOT EXISTS `role_has_permissions` (
  `permission_id` bigint unsigned NOT NULL,
  `role_id` bigint unsigned NOT NULL,
  PRIMARY KEY (`permission_id`,`role_id`),
  KEY `role_has_permissions_role_id_foreign` (`role_id`),
  CONSTRAINT `role_has_permissions_permission_id_foreign` FOREIGN KEY (`permission_id`) REFERENCES `permissions` (`id`) ON DELETE CASCADE,
  CONSTRAINT `role_has_permissions_role_id_foreign` FOREIGN KEY (`role_id`) REFERENCES `roles` (`id`) ON DELETE CASCADE
) ENGINE=InnoDB DEFAULT CHARSET=utf8mb4 COLLATE=utf8mb4_unicode_ci;

-- Volcando datos para la tabla comedor.role_has_permissions: ~0 rows (aproximadamente)

-- Volcando estructura para tabla comedor.sessions
CREATE TABLE IF NOT EXISTS `sessions` (
  `id` varchar(255) COLLATE utf8mb4_unicode_ci NOT NULL,
  `user_id` bigint unsigned DEFAULT NULL,
  `ip_address` varchar(45) COLLATE utf8mb4_unicode_ci DEFAULT NULL,
  `user_agent` text COLLATE utf8mb4_unicode_ci,
  `payload` longtext COLLATE utf8mb4_unicode_ci NOT NULL,
  `last_activity` int NOT NULL,
  PRIMARY KEY (`id`),
  KEY `sessions_user_id_index` (`user_id`),
  KEY `sessions_last_activity_index` (`last_activity`)
) ENGINE=InnoDB DEFAULT CHARSET=utf8mb4 COLLATE=utf8mb4_unicode_ci;

-- Volcando datos para la tabla comedor.sessions: ~3 rows (aproximadamente)
INSERT INTO `sessions` (`id`, `user_id`, `ip_address`, `user_agent`, `payload`, `last_activity`) VALUES
	('mK2BbR1eDIyVSuPTAqlDUkp6wAYnbD8hYLvYiLxG', NULL, '127.0.0.1', 'Mozilla/5.0 (iPad; CPU OS 11_0 like Mac OS X) AppleWebKit/604.1.34 (KHTML, like Gecko) Version/11.0 Mobile/15A5341f Safari/604.1', 'YTo0OntzOjY6Il90b2tlbiI7czo0MDoiNU5ZazB0NXF0ek9ldzllVHJzRE5YVmI0Mk1ESVl3WUhYMmduY2lpRCI7czozOiJ1cmwiO2E6MTp7czo4OiJpbnRlbmRlZCI7czozMToiaHR0cDovL2xvY2FsaG9zdDo4MDAwL2Rhc2hib2FyZCI7fXM6OToiX3ByZXZpb3VzIjthOjE6e3M6MzoidXJsIjtzOjI3OiJodHRwOi8vbG9jYWxob3N0OjgwMDAvbG9naW4iO31zOjY6Il9mbGFzaCI7YToyOntzOjM6Im9sZCI7YTowOnt9czozOiJuZXciO2E6MDp7fX19', 1732529592),
	('PBQeAPBJxFnGwc14Cb69vrLACzecvH49xUSNFKRD', NULL, '127.0.0.1', 'PostmanRuntime/7.42.0', 'YTozOntzOjY6Il90b2tlbiI7czo0MDoiQ0RaMHlSQjV1ZnhRN21LM3l4Q2RzVE1lUDBLOE9BV2tQTmhNYVNjMCI7czo5OiJfcHJldmlvdXMiO2E6MTp7czozOiJ1cmwiO3M6MjE6Imh0dHA6Ly9sb2NhbGhvc3Q6ODAwMCI7fXM6NjoiX2ZsYXNoIjthOjI6e3M6Mzoib2xkIjthOjA6e31zOjM6Im5ldyI7YTowOnt9fX0=', 1732526103),
	('RTX4CDE70VEQPMf50mVR4b0B9qznEvOjGK1fybpt', NULL, '127.0.0.1', 'Mozilla/5.0 (Macintosh; Intel Mac OS X 13_0_1) AppleWebKit/537.36 (KHTML, like Gecko) Chrome/108.0.0.0 Safari/537.36', 'YTo0OntzOjY6Il90b2tlbiI7czo0MDoiUHZuc0hXbVFsN2lYRTdqR0tLaXlXN3VOaVdGUmFIQWtab1hHZEZ5SiI7czozOiJ1cmwiO2E6MTp7czo4OiJpbnRlbmRlZCI7czozMToiaHR0cDovL2xvY2FsaG9zdDo4MDAwL2Rhc2hib2FyZCI7fXM6OToiX3ByZXZpb3VzIjthOjE6e3M6MzoidXJsIjtzOjMxOiJodHRwOi8vbG9jYWxob3N0OjgwMDAvZGFzaGJvYXJkIjt9czo2OiJfZmxhc2giO2E6Mjp7czozOiJvbGQiO2E6MDp7fXM6MzoibmV3IjthOjA6e319fQ==', 1732529438),
	('TJkM32F3OxJwNNHvhuvVKYzGAKyVNil7yxMrbnly', NULL, '127.0.0.1', 'Mozilla/5.0 (iPad; CPU OS 11_0 like Mac OS X) AppleWebKit/604.1.34 (KHTML, like Gecko) Version/11.0 Mobile/15A5341f Safari/604.1', 'YTo0OntzOjY6Il90b2tlbiI7czo0MDoiWlJuUWZOd2NrNDUxakxzaHdPOUFmOGljb0ZaN3A0c2M5Y1k5R0ZjOSI7czozOiJ1cmwiO2E6MTp7czo4OiJpbnRlbmRlZCI7czozMToiaHR0cDovL2xvY2FsaG9zdDo4MDAwL2Rhc2hib2FyZCI7fXM6OToiX3ByZXZpb3VzIjthOjE6e3M6MzoidXJsIjtzOjMxOiJodHRwOi8vbG9jYWxob3N0OjgwMDAvZGFzaGJvYXJkIjt9czo2OiJfZmxhc2giO2E6Mjp7czozOiJvbGQiO2E6MDp7fXM6MzoibmV3IjthOjA6e319fQ==', 1732529437),
	('Z0P1Yw9R71Y773sKlkDgL75pv1qaRsw443A6J1kX', 1, '127.0.0.1', 'Mozilla/5.0 (Windows NT 10.0; Win64; x64) AppleWebKit/537.36 (KHTML, like Gecko) Chrome/131.0.0.0 Safari/537.36', 'YTo2OntzOjY6Il90b2tlbiI7czo0MDoiMHd5aVdYZ2x5V3lyS3lBNk03cGNYSWhTQzlWdkRNN1B1ZTRVaG1UbiI7czo2OiJfZmxhc2giO2E6Mjp7czozOiJvbGQiO2E6MDp7fXM6MzoibmV3IjthOjA6e319czozOiJ1cmwiO2E6MDp7fXM6OToiX3ByZXZpb3VzIjthOjE6e3M6MzoidXJsIjtzOjMxOiJodHRwOi8vMTI3LjAuMC4xOjgwMDAvZGFzaGJvYXJkIjt9czo1MDoibG9naW5fd2ViXzU5YmEzNmFkZGMyYjJmOTQwMTU4MGYwMTRjN2Y1OGVhNGUzMDk4OWQiO2k6MTtzOjIxOiJwYXNzd29yZF9oYXNoX3NhbmN0dW0iO3M6NjA6IiQyeSQxMiRNTnBYdll2NEZtYWROa0dTSHZTdEQuaG95RVJ0UWt1QU5mMlZaTVJ4UWF6M1F2b2ZGZERSdSI7fQ==', 1732531655),
	('z70wi99opynWBG3Ho1XhvIEZgCrtBZZd6oPVv9eE', 2, '127.0.0.1', 'Mozilla/5.0 (Macintosh; Intel Mac OS X 10_15_7) AppleWebKit/605.1.15 (KHTML, like Gecko) Version/16.0 Safari/605.1.15', 'YTo1OntzOjY6Il90b2tlbiI7czo0MDoieHQ0akhwU2RUSjJTNTB3ODZXQ1RyakxPTUhCanJ0MkxLaFhQMUR3TSI7czo2OiJfZmxhc2giO2E6Mjp7czozOiJvbGQiO2E6MDp7fXM6MzoibmV3IjthOjA6e319czo5OiJfcHJldmlvdXMiO2E6MTp7czozOiJ1cmwiO3M6Mjc6Imh0dHA6Ly9sb2NhbGhvc3Q6ODAwMC9sb2dpbiI7fXM6NTA6ImxvZ2luX3dlYl81OWJhMzZhZGRjMmIyZjk0MDE1ODBmMDE0YzdmNThlYTRlMzA5ODlkIjtpOjI7czoyMToicGFzc3dvcmRfaGFzaF9zYW5jdHVtIjtzOjYwOiIkMnkkMTIkM094UVJTMXl2SHV4RzgzYXFLY0lFdTZrQ0FjMzdiSFJ0eldmZ1pXbE5nTGd1amkxL1FHaFMiO30=', 1732530175);

-- Volcando estructura para tabla comedor.users
CREATE TABLE IF NOT EXISTS `users` (
  `id` bigint unsigned NOT NULL AUTO_INCREMENT,
  `name` varchar(255) COLLATE utf8mb4_unicode_ci NOT NULL,
  `email` varchar(255) COLLATE utf8mb4_unicode_ci NOT NULL,
  `email_verified_at` timestamp NULL DEFAULT NULL,
  `password` varchar(255) COLLATE utf8mb4_unicode_ci NOT NULL,
  `two_factor_secret` text COLLATE utf8mb4_unicode_ci,
  `two_factor_recovery_codes` text COLLATE utf8mb4_unicode_ci,
  `two_factor_confirmed_at` timestamp NULL DEFAULT NULL,
  `remember_token` varchar(100) COLLATE utf8mb4_unicode_ci DEFAULT NULL,
  `current_team_id` bigint unsigned DEFAULT NULL,
  `profile_photo_path` varchar(2048) COLLATE utf8mb4_unicode_ci DEFAULT NULL,
  `created_at` timestamp NULL DEFAULT NULL,
  `updated_at` timestamp NULL DEFAULT NULL,
  PRIMARY KEY (`id`),
  UNIQUE KEY `users_email_unique` (`email`)
) ENGINE=InnoDB AUTO_INCREMENT=3 DEFAULT CHARSET=utf8mb4 COLLATE=utf8mb4_unicode_ci;

-- Volcando datos para la tabla comedor.users: ~0 rows (aproximadamente)
INSERT INTO `users` (`id`, `name`, `email`, `email_verified_at`, `password`, `two_factor_secret`, `two_factor_recovery_codes`, `two_factor_confirmed_at`, `remember_token`, `current_team_id`, `profile_photo_path`, `created_at`, `updated_at`) VALUES
	(1, 'Angel Salamero', 'angel.salamero@somontanosocial.com', NULL, '$2y$12$MNpXvYv4FmadNkGSHvStD.hoyERtQkuANf2VZMRxQaz3QvofFdDRu', NULL, NULL, NULL, NULL, NULL, NULL, '2024-11-21 12:53:37', '2024-11-21 12:53:37'),
	(2, 'Colegio Merced', 'merced@merced.com', NULL, '$2y$12$3OxQRS1yvHuxG83aqKcIEu6kCAc37bHRtzWfgZWlNgLguji1/QGhS', NULL, NULL, NULL, NULL, NULL, NULL, '2024-11-25 09:00:00', '2024-11-25 09:00:00');

/*!40103 SET TIME_ZONE=IFNULL(@OLD_TIME_ZONE, 'system') */;
/*!40101 SET SQL_MODE=IFNULL(@OLD_SQL_MODE, '') */;
/*!40014 SET FOREIGN_KEY_CHECKS=IFNULL(@OLD_FOREIGN_KEY_CHECKS, 1) */;
/*!40101 SET CHARACTER_SET_CLIENT=@OLD_CHARACTER_SET_CLIENT */;
/*!40111 SET SQL_NOTES=IFNULL(@OLD_SQL_NOTES, 1) */;
